,종목코드,종목명,시장구분,업종명,종가,대비,등락률,시가총액,EPS,PER,BPS,PBR,주당배당금,배당수익률
0,005930,삼성전자,KOSPI,전기전자,88800,5900,7.12,530116690440000,3166.0,28.05,37528.0,2.37,1416,1.59
1,000660,SK하이닉스,KOSPI,전기전자,138000,3500,2.6,100464326370000,2943.0,46.89,65836.0,2.1,1000,0.72
2,051910,LG화학,KOSPI,화학,999000,37000,3.85,70521750657000,4085.0,244.55,217230.0,4.6,2000,0.2
3,207940,삼성바이오로직스,KOSPI,의약품,837000,18000,2.2,55380105000000,3067.0,272.91,65812.0,12.72,0,0.0
4,005380,현대차,KOSPI,운수장비,246000,40000,19.42,52562374002000,11310.0,21.75,253001.0,0.97,4000,1.63
5,035420,NAVER,KOSPI,서비스업,312000,22500,7.77,51250179240000,4006.0,77.88,35223.0,8.86,376,0.12
6,006400,삼성SDI,KOSPI,전기전자,739000,41000,5.87,50816987670000,5331.0,138.62,175114.0,4.22,1000,0.14
7,068270,셀트리온,KOSPI,의약품,367000,9500,2.66,49544194435000,2196.0,167.12,20421.0,17.97,0,0.0
8,035720,카카오,KOSPI,서비스업,434000,31500,7.83,38391599204000,,,60603.0,7.16,127,0.03
9,012330,현대모비스,KOSPI,운수장비,359500,55000,18.06,34172162493000,24234.0,14.83,339207.0,1.06,4000,1.11
10,028260,삼성물산,KOSPI,유통업,151000,6000,4.14,28219949231000,6366.0,23.72,125948.0,1.2,2000,1.32
11,000270,기아차,KOSPI,운수장비,68300,5300,8.41,27686316600100,4556.0,14.99,71487.0,0.96,1150,1.68
12,096770,SK이노베이션,KOSPI,화학,283000,20000,7.6,26167754612000,,,186398.0,1.52,3000,1.06
13,005490,POSCO,KOSPI,철강금속,294500,3500,1.2,25676522907500,22823.0,12.9,510076.0,0.58,10000,3.4
14,051900,LG생활건강,KOSPI,화학,1638000,29000,1.8,25582606686000,46431.0,35.28,234042.0,7.0,11000,0.67
15,066570,LG전자,KOSPI,전기전자,147500,-2500,-1.67,24138052565000,169.0,872.78,79245.0,1.86,750,0.51
16,036570,엔씨소프트,KOSPI,서비스업,995000,48000,5.07,21844251890000,17387.0,57.23,113836.0,8.74,5220,0.52
17,017670,SK텔레콤,KOSPI,통신업,265000,-5000,-1.85,21397613415000,12144.0,21.82,284310.0,0.93,10000,3.77
18,034730,SK,KOSPI,기타금융,292500,-3500,-1.18,20580386872500,12917.0,22.64,235255.0,1.24,5000,1.71
19,105560,KB금융,KOSPI,기타금융,46500,500,1.09,19335068280000,8451.0,5.5,92672.0,0.5,2210,4.75
20,003550,LG,KOSPI,기타금융,105500,-2000,-1.86,18204777320500,6143.0,17.17,107050.0,0.99,2200,2.09
21,055550,신한지주,KOSPI,기타금융,33650,-100,-0.3,17381127997750,7000.0,4.81,79682.0,0.42,1850,5.5
22,015760,한국전력,KOSPI,전기가스업,27000,-50,-0.18,17333030079000,,,105140.0,0.26,0,0.0
23,018260,삼성에스디에스,KOSPI,서비스업,219500,14500,7.07,16984427100000,9521.0,23.05,84595.0,2.59,2400,1.09
24,032830,삼성생명,KOSPI,보험,80700,100,0.12,16140000000000,5443.0,14.83,178335.0,0.45,2650,3.28
25,009150,삼성전기,KOSPI,전기전자,193000,11000,6.04,14415883328000,6806.0,28.36,68106.0,2.83,1100,0.57
26,326030,SK바이오팜,KOSPI,서비스업,159500,1000,0.63,12490963375000,,,,,0,0.0
27,090430,아모레퍼시픽,KOSPI,화학,203500,3500,1.75,11896302715000,3477.0,58.53,65050.0,3.13,1000,0.49
28,251270,넷마블,KOSPI,서비스업,134000,4500,3.47,11503270602000,1883.0,71.16,51919.0,2.58,0,0.0
29,033780,KT&G,KOSPI,기타제조업,83400,600,0.72,11450194249800,8208.0,10.16,63008.0,1.32,4400,5.28
30,086790,하나금융지주,KOSPI,기타금융,37700,900,2.45,11319125737400,7898.0,4.77,93673.0,0.4,2100,5.57
31,011170,롯데케미칼,KOSPI,화학,301000,-3000,-0.99,10316901119000,20860.0,14.43,385244.0,0.78,6700,2.23
32,018880,한온시스템,KOSPI,기계,18450,2100,12.84,9848610000000,597.0,30.9,4153.0,4.44,320,1.73
33,009830,한화솔루션,KOSPI,화학,56700,1300,2.35,9064316979900,,,35228.0,1.61,200,0.35
34,000810,삼성화재,KOSPI,보험,190500,1500,0.79,9024906448500,15126.0,12.59,282791.0,0.67,8500,4.46
35,010950,S-Oil,KOSPI,화학,75200,200,0.27,8466225958400,561.0,134.05,55715.0,1.35,200,0.27
36,009540,한국조선해양,KOSPI,운수장비,118500,0,0.0,8386614246000,2183.0,54.28,163436.0,0.73,0,0.0
37,010130,고려아연,KOSPI,철강금속,439500,-3000,-0.68,8293365000000,35811.0,12.27,355878.0,1.23,14000,3.19
38,003670,포스코케미칼,KOSPI,비금속광물,130500,1500,1.16,7958962710000,1569.0,83.17,15352.0,8.5,400,0.31
39,086280,현대글로비스,KOSPI,운수창고업,201000,1500,0.75,7537500000000,13395.0,15.01,124541.0,1.61,3500,1.74
40,316140,우리금융지주,KOSPI,기타금융,9910,70,0.71,7157672738530,2727.0,3.63,29782.0,0.33,700,7.06
41,034220,LG디스플레이,KOSPI,전기전자,20000,100,0.5,7156314000000,,,31694.0,0.63,0,0.0
42,019170,신풍제약,KOSPI,의약품,131500,0,0.0,6967526185000,35.0,3757.14,3782.0,34.77,0,0.0
43,006800,미래에셋대우,KOSPI,증권,10150,150,1.5,6549961541200,956.0,10.62,11236.0,0.9,260,2.56
44,024110,기업은행,KOSPI,은행,8830,-40,-0.45,6522406298800,2242.0,3.94,33567.0,0.26,670,7.59
45,097950,CJ제일제당,KOSPI,음식료품,432500,27500,6.79,6510935445000,9516.0,45.45,297949.0,1.45,3500,0.81
46,030200,KT,KOSPI,통신업,24400,-250,-1.01,6371128115200,2526.0,9.66,52341.0,0.47,1100,4.51
47,004020,현대제철,KOSPI,철강금속,46750,2300,5.17,6238590448750,130.0,359.62,126631.0,0.37,750,1.6
48,352820,빅히트,KOSPI,서비스업,160500,3500,2.23,5717613480000,2951.0,54.39,6113.0,26.26,0,0.0
49,008930,한미사이언스,KOSPI,기타금융,84800,-5700,-6.3,5597745435200,467.0,181.58,9607.0,8.83,200,0.24
50,021240,코웨이,KOSPI,서비스업,74100,700,0.95,5468551767900,4611.0,16.07,14611.0,5.07,2400,3.24
51,032640,LG유플러스,KOSPI,통신업,12450,0,0.0,5435811444450,1005.0,12.39,16218.0,0.77,400,3.21
52,034020,두산중공업,KOSPI,기계,14200,50,0.35,5319842702000,,,11643.0,1.22,0,0.0
53,011200,HMM,KOSPI,운수창고업,15750,-400,-2.48,5145939587250,,,3420.0,4.61,0,0.0
54,035250,강원랜드,KOSPI,서비스업,24000,600,2.56,5134572000000,1651.0,14.54,17377.0,1.38,900,3.75
55,000100,유한양행,KOSPI,의약품,76700,1800,2.4,5127917327000,616.0,124.51,23178.0,3.31,400,0.52
56,011780,금호석유,KOSPI,화학,167500,-4500,-2.62,5103338242500,10549.0,15.88,78488.0,2.13,1500,0.9
57,271560,오리온,KOSPI,음식료품,127500,4000,3.24,5040856830000,5454.0,23.38,41042.0,3.11,600,0.47
58,071050,한국금융지주,KOSPI,기타금융,89800,1200,1.35,5004194081600,14467.0,6.21,81250.0,1.11,2900,3.23
59,139480,이마트,KOSPI,유통업,179000,10500,6.23,4989771601000,7620.0,23.49,315997.0,0.57,2000,1.12
60,003490,대한항공,KOSPI,운수창고업,27900,-300,-1.06,4860450992700,,,23149.0,1.21,0,0.0
61,006280,녹십자,KOSPI,의약품,411500,-12500,-2.95,4809010387000,,,89738.0,4.59,1000,0.24
62,161390,한국타이어앤테크놀로지,KOSPI,화학,38650,1250,3.34,4787771416850,3387.0,11.41,57774.0,0.67,550,1.42
63,002790,아모레G,KOSPI,화학,57400,2100,3.8,4733099532000,1444.0,39.75,35078.0,1.64,300,0.52
64,011070,LG이노텍,KOSPI,전기전자,193500,5500,2.93,4579585204500,4323.0,44.76,93151.0,2.08,300,0.16
65,010140,삼성중공업,KOSPI,운수장비,7250,-110,-1.49,4567500000000,,,8324.0,0.87,0,0.0
66,000720,현대건설,KOSPI,건설업,41000,450,1.11,4565586365000,3656.0,11.21,59778.0,0.69,600,1.46
67,128940,한미약품,KOSPI,의약품,381000,-13000,-3.3,4512194049000,4352.0,87.55,60099.0,6.34,500,0.13
68,267250,현대중공업지주,KOSPI,화학,285500,-3000,-1.04,4510505153500,11848.0,24.1,490707.0,0.58,18500,6.48
69,285130,SK케미칼,KOSPI,화학,382000,-3500,-0.91,4485213272000,802.0,476.31,54214.0,7.05,450,0.12
70,180640,한진칼,KOSPI,운수창고업,65400,1800,2.83,4333568154000,,,20882.0,3.13,255,0.39
71,011790,SKC,KOSPI,화학,106500,4500,4.41,4032973737000,1686.0,63.17,41542.0,2.56,1000,0.94
72,000120,CJ대한통운,KOSPI,운수창고업,173000,-1500,-0.86,3946535512000,1349.0,128.24,131146.0,1.32,0,0.0
73,016360,삼성증권,KOSPI,증권,44000,400,0.92,3929200000000,4388.0,10.03,55423.0,0.79,1700,3.86
74,004990,롯데지주,KOSPI,기타금융,37150,950,2.62,3897378154550,,,63267.0,0.59,1100,2.96
75,078930,GS,KOSPI,기타금융,41600,2100,5.32,3865279724800,5745.0,7.24,93746.0,0.44,1900,4.57
76,029780,삼성카드,KOSPI,기타금융,32600,300,0.93,3776999846600,3225.0,10.11,59525.0,0.55,1600,4.91
77,336260,두산퓨얼셀,KOSPI,전기전자,57100,1400,2.51,3739691754600,162.0,352.47,2277.0,25.08,0,0.0
78,039490,키움증권,KOSPI,증권,152000,4500,3.05,3650944392000,14017.0,10.84,87976.0,1.73,2000,1.32
79,204320,만도,KOSPI,운수장비,77400,9700,14.33,3634481088000,2360.0,32.8,32193.0,2.4,550,0.71
80,003090,대웅,KOSPI,기타금융,58900,-5200,-8.11,3424562622000,1446.0,40.73,10795.0,5.46,100,0.17
81,005940,NH투자증권,KOSPI,증권,12150,0,0.0,3419117977050,1585.0,7.67,17934.0,0.68,500,4.12
82,012750,에스원,KOSPI,서비스업,88600,1100,1.26,3366727170800,4337.0,20.43,34937.0,2.54,2500,2.82
83,003410,쌍용양회,KOSPI,비금속광물,6670,-90,-1.33,3360743498650,259.0,25.75,3566.0,1.87,42,0.63
84,006360,GS건설,KOSPI,건설업,41750,950,2.33,3355460567750,5590.0,7.47,49623.0,0.84,1000,2.4
85,026960,동서,KOSPI,유통업,33500,150,0.45,3339950000000,1388.0,24.14,13419.0,2.5,700,2.09
86,241560,두산밥캣,KOSPI,기계,32500,-150,-0.46,3258097895000,2716.0,11.97,39692.0,0.82,1200,3.69
87,008770,호텔신라,KOSPI,유통업,82900,100,0.12,3253669230900,4483.0,18.49,22979.0,3.61,350,0.42
88,012510,더존비즈온,KOSPI,서비스업,108000,4000,3.85,3251444976000,1684.0,64.13,11427.0,9.45,470,0.44
89,023530,롯데쇼핑,KOSPI,유통업,113500,7000,6.57,3210773692500,,,376333.0,0.3,3800,3.35
90,042660,대우조선해양,KOSPI,운수장비,29550,0,0.0,3170439268950,,,35025.0,0.84,0,0.0
91,005830,DB손해보험,KOSPI,보험,43800,150,0.34,3101040000000,5966.0,7.34,84026.0,0.52,1500,3.42
92,112610,씨에스윈드,KOSPI,기계,174500,-2500,-1.41,3016357267500,1955.0,89.26,18709.0,9.33,460,0.26
93,001040,CJ,KOSPI,기타금융,102500,7600,8.01,2990642295000,8240.0,12.44,126448.0,0.81,1850,1.8
94,307950,현대오토에버,KOSPI,서비스업,141500,4000,2.91,2971500000000,2673.0,52.94,24259.0,5.83,710,0.5
95,036460,한국가스공사,KOSPI,전기가스업,31900,0,0.0,2944784700000,395.0,80.76,85073.0,0.37,380,1.19
96,088350,한화생명,KOSPI,보험,3390,30,0.89,2944316700000,18.0,188.33,14606.0,0.23,30,0.88
97,000210,대림산업,KOSPI,건설업,83000,0,0.0,2888400000000,17223.0,4.82,153815.0,0.54,1300,1.57
98,007070,GS리테일,KOSPI,유통업,36250,700,1.97,2791250000000,1729.0,20.97,28232.0,1.28,750,2.07
99,028050,삼성엔지니어링,KOSPI,서비스업,14100,-150,-1.05,2763600000000,1493.0,9.44,6749.0,2.09,0,0.0
100,047810,한국항공우주,KOSPI,운수장비,28150,-150,-0.53,2743924262050,1748.0,16.1,11714.0,2.4,400,1.42
101,081660,휠라홀딩스,KOSPI,유통업,44450,-650,-1.44,2700436267900,4382.0,10.14,20448.0,2.17,219,0.49
102,028670,팬오션,KOSPI,운수창고업,4995,-85,-1.67,2670174712440,284.0,17.59,5400.0,0.93,0,0.0
103,020150,일진머티리얼즈,KOSPI,전기전자,56400,3800,7.22,2600651094000,1016.0,55.51,12390.0,4.55,50,0.09
104,008560,메리츠증권,KOSPI,증권,3760,-10,-0.27,2541616093520,924.0,4.07,5695.0,0.66,200,5.32
105,009240,한샘,KOSPI,유통업,107500,-500,-0.46,2529897260000,2423.0,44.37,25215.0,4.26,1200,1.12
106,006260,LS,KOSPI,기타금융,78500,100,0.13,2527700000000,912.0,86.07,98330.0,0.8,1450,1.85
107,047040,대우건설,KOSPI,건설업,5900,-40,-0.67,2452173564200,508.0,11.61,5916.0,1.0,0,0.0
108,000080,하이트진로,KOSPI,음식료품,34800,-600,-1.69,2440649662800,,,14488.0,2.4,700,2.01
109,064350,현대로템,KOSPI,운수장비,22350,650,3.0,2439330248550,,,9695.0,2.31,0,0.0
110,000990,DB하이텍,KOSPI,전기전자,54900,900,1.67,2437482481200,2410.0,22.78,14483.0,3.79,350,0.64
111,282330,BGF리테일,KOSPI,유통업,141000,4500,3.3,2437030746000,8763.0,16.09,36022.0,3.91,2700,1.91
112,004170,신세계,KOSPI,유통업,247500,7500,3.13,2436682297500,52658.0,4.7,398826.0,0.62,2000,0.81
113,030000,제일기획,KOSPI,서비스업,20950,350,1.7,2410113663750,1363.0,15.37,8229.0,2.55,820,3.91
114,185750,종근당,KOSPI,의약품,219000,-11000,-4.78,2383965015000,4751.0,46.1,41506.0,5.28,900,0.41
115,010060,OCI,KOSPI,화학,99600,300,0.3,2375397351600,,,110515.0,0.9,0,0.0
116,000880,한화,KOSPI,화학,31300,300,0.97,2346208405500,1051.0,29.78,45198.0,0.69,700,2.24
117,011210,현대위아,KOSPI,운수장비,85900,15100,21.33,2336057629700,2078.0,41.34,113690.0,0.76,700,0.81
118,005250,녹십자홀딩스,KOSPI,서비스업,47700,-2050,-4.12,2243245617000,59.0,808.47,16407.0,2.91,325,0.68
119,014680,한솔케미칼,KOSPI,화학,193000,4000,2.12,2179972635000,7798.0,24.75,39713.0,4.86,1500,0.78
120,010120,LS ELECTRIC,KOSPI,전기전자,71400,-2200,-2.99,2142000000000,3542.0,20.16,45353.0,1.57,1200,1.68
121,007310,오뚜기,KOSPI,음식료품,581000,8000,1.4,2133420961000,29693.0,19.57,354385.0,1.64,7500,1.29
122,010620,현대미포조선,KOSPI,운수장비,52800,-600,-1.12,2108945467200,1335.0,39.55,58022.0,0.91,350,0.66
123,001450,현대해상,KOSPI,보험,23050,0,0.0,2060670000000,3161.0,7.29,50452.0,0.46,880,3.82
124,069620,대웅제약,KOSPI,의약품,175500,-5000,-2.77,2033443912500,2132.0,82.32,44820.0,3.92,600,0.34
125,009420,한올바이오파마,KOSPI,의약품,37600,-1300,-3.34,1964247988800,375.0,100.27,2688.0,13.99,0,0.0
126,272210,한화시스템,KOSPI,전기전자,17750,600,3.5,1956589404750,706.0,25.14,8786.0,2.02,310,1.75
127,047050,포스코인터내셔널,KOSPI,유통업,15850,-450,-2.76,1955496111650,1697.0,9.34,24703.0,0.64,700,4.42
128,138930,BNK금융지주,KOSPI,기타금융,5780,0,0.0,1883905721880,1647.0,3.51,25415.0,0.23,360,6.23
129,002380,KCC,KOSPI,화학,210500,5000,2.43,1870602145500,,,421723.0,0.5,5500,2.61
130,009900,명신산업,KOSPI,운수장비,45750,1750,3.98,1865644740000,1419.0,32.24,2235.0,20.47,0,0.0
131,004370,농심,KOSPI,음식료품,305000,5000,1.67,1855205810000,12277.0,24.84,316955.0,0.96,4000,1.31
132,006650,대한유화,KOSPI,화학,285000,-5500,-1.89,1852500000000,17218.0,16.55,273632.0,1.04,2500,0.88
133,294870,HDC현대산업개발,KOSPI,건설업,28100,-150,-0.53,1851995973000,8731.0,3.22,47095.0,0.6,500,1.78
134,069960,현대백화점,KOSPI,유통업,79000,4300,5.76,1848792839000,8639.0,9.14,181263.0,0.44,1000,1.27
135,017800,현대엘리베이,KOSPI,기계,44250,150,0.34,1806072201750,1190.0,37.18,22966.0,1.93,900,2.03
136,003000,부광약품,KOSPI,의약품,27750,550,2.02,1799253889500,,,4489.0,6.18,200,0.72
137,042670,두산인프라코어,KOSPI,기계,8290,-130,-1.54,1789916448800,1153.0,7.19,10677.0,0.78,0,0.0
138,000060,메리츠화재,KOSPI,보험,14750,50,0.34,1779218750000,2693.0,5.48,21397.0,0.69,850,5.76
139,010780,아이에스동서,KOSPI,비금속광물,55600,100,0.18,1717628893600,2141.0,25.97,35551.0,1.56,700,1.26
140,004800,효성,KOSPI,기타금융,79500,2400,3.11,1675146487500,5100.0,15.59,115817.0,0.69,5000,6.29
141,012450,한화에어로스페이스,KOSPI,운수장비,32750,1950,6.33,1658132500000,2558.0,12.8,48217.0,0.68,0,0.0
142,336370,솔루스첨단소재,KOSPI,전기전자,52200,1000,1.95,1596785367600,113.0,461.95,3551.0,14.7,0,0.0
143,004000,롯데정밀화학,KOSPI,화학,58700,700,1.21,1514460000000,6611.0,8.88,57873.0,1.01,1700,2.9
144,181710,NHN,KOSPI,서비스업,76400,2000,2.69,1494767910000,656.0,116.46,80696.0,0.95,0,0.0
145,013890,지누스,KOSPI,기타제조업,101500,2400,2.42,1462285023500,5999.0,16.92,26336.0,3.85,1250,1.23
146,111770,영원무역,KOSPI,유통업,33000,600,1.85,1462278444000,3791.0,8.7,41602.0,0.79,400,1.21
147,003520,영진약품,KOSPI,의약품,7990,-10,-0.13,1461312920690,28.0,285.36,633.0,12.62,0,0.0
148,000240,한국테크놀로지그룹,KOSPI,기타금융,15000,500,3.45,1395302595000,1650.0,9.09,35269.0,0.43,350,2.33
149,007700,F&F,KOSPI,섬유의복,86600,300,0.35,1333640000000,7158.0,12.1,31366.0,2.76,1000,1.15
150,138040,메리츠금융지주,KOSPI,기타금융,9930,0,0.0,1330732149420,2797.0,3.55,19600.0,0.51,550,5.54
151,214320,이노션,KOSPI,서비스업,66300,700,1.07,1326000000000,3681.0,18.01,38184.0,1.74,1500,2.26
152,051600,한전KPS,KOSPI,건설업,28950,-100,-0.34,1302750000000,3407.0,8.5,23632.0,1.23,1920,6.63
153,001740,SK네트웍스,KOSPI,유통업,5100,-10,-0.2,1265756999700,,,8713.0,0.59,120,2.35
154,016380,KG동부제철,KOSPI,철강금속,12650,-350,-2.69,1265112547050,,,8886.0,1.42,0,0.0
155,004490,세방전지,KOSPI,전기전자,89800,-700,-0.77,1257200000000,5701.0,15.75,75298.0,1.19,500,0.56
156,215600,신라젠,KOSDAQ,기타서비스,12100,0,0.0,1244692212500,,,858.0,14.1,0,0.0
157,139130,DGB금융지주,KOSPI,기타금융,7230,30,0.42,1222924372590,1900.0,3.81,27296.0,0.26,410,5.67
158,006120,SK디스커버리,KOSPI,기타금융,63300,-1300,-2.01,1205096221500,8846.0,7.16,82498.0,0.77,700,1.11
159,001440,대한전선,KOSPI,전기전자,1400,5,0.36,1199062212600,,,345.0,4.06,0,0.0
160,031430,신세계인터내셔날,KOSPI,유통업,166000,4000,2.47,1185240000000,10361.0,16.02,83650.0,1.98,1100,0.66
161,120110,코오롱인더,KOSPI,화학,43900,1700,4.03,1184371076000,1087.0,40.39,67767.0,0.65,900,2.05
162,192080,더블유게임즈,KOSPI,서비스업,64400,800,1.26,1183317928800,6541.0,9.85,35440.0,1.82,350,0.54
163,007570,일양약품,KOSPI,의약품,62000,-600,-0.96,1183311168000,548.0,113.14,10081.0,6.15,120,0.19
164,161890,한국콜마,KOSPI,화학,50600,-1000,-1.94,1157787708000,1284.0,39.41,20601.0,2.46,330,0.65
165,175330,JB금융지주,KOSPI,기타금융,5710,30,0.53,1124772324740,1641.0,3.48,17615.0,0.32,300,5.25
166,073240,금호타이어,KOSPI,화학,3880,0,0.0,1114569913560,,,4383.0,0.89,0,0.0
167,093370,후성,KOSPI,화학,12000,-200,-1.64,1111281828000,87.0,137.93,2295.0,5.23,15,0.13
168,069260,휴켐스,KOSPI,화학,26000,-100,-0.38,1062843288000,1812.0,14.35,15970.0,1.63,1000,3.85
169,001120,LG상사,KOSPI,유통업,27250,50,0.18,1056210000000,739.0,36.87,30224.0,0.9,300,1.1
170,000670,영풍,KOSPI,철강금속,573000,0,0.0,1055488920000,135469.0,4.23,1767872.0,0.32,10000,1.75
171,032350,롯데관광개발,KOSPI,서비스업,15100,50,0.33,1046062496200,,,4348.0,3.47,0,0.0
172,363280,티와이홀딩스,KOSPI,기타금융,27850,650,2.39,1044400120700,,,,,0,0.0
173,023590,다우기술,KOSPI,서비스업,22950,-100,-0.43,1029688860150,4283.0,5.36,29783.0,0.77,400,1.74
174,018670,SK가스,KOSPI,유통업,111500,-2000,-1.76,1029172206000,17794.0,6.27,180030.0,0.62,3000,2.69
175,005690,파미셀,KOSPI,의약품,17000,-400,-2.3,1019302150000,73.0,232.88,859.0,19.79,0,0.0
176,114090,GKL,KOSPI,서비스업,16250,50,0.31,1005154637500,1170.0,13.89,9460.0,1.72,659,4.06
177,033270,유나이티드제약,KOSPI,의약품,61100,-6500,-9.62,992558624200,2087.0,29.28,15716.0,3.89,330,0.54
178,298020,효성티앤씨,KOSPI,화학,226500,2500,1.12,980219973000,21569.0,10.5,112984.0,2.0,2000,0.88
179,005300,롯데칠성,KOSPI,음식료품,109000,500,0.46,978288407000,,,138233.0,0.79,2700,2.48
180,192820,코스맥스,KOSPI,화학,96200,-1600,-1.64,966762765800,3168.0,30.37,34178.0,2.81,900,0.94
181,001680,대상,KOSPI,음식료품,27850,850,3.15,964947496250,2976.0,9.36,27896.0,1.0,600,2.15
182,057050,현대홈쇼핑,KOSPI,유통업,80400,1000,1.26,964800000000,7354.0,10.93,144315.0,0.56,2000,2.49
183,014820,동원시스템즈,KOSPI,화학,37650,1200,3.29,964536939150,1485.0,25.35,17529.0,2.15,500,1.33
184,011000,진원생명과학,KOSPI,의약품,21200,-450,-2.08,949145369600,,,898.0,23.61,0,0.0
185,003690,코리안리,KOSPI,보험,7860,-50,-0.63,946101251760,1550.0,5.07,20404.0,0.39,500,6.36
186,003850,보령제약,KOSPI,의약품,19850,-650,-3.17,945257000000,701.0,28.32,5858.0,3.39,100,0.5
187,003240,태광산업,KOSPI,화학,845000,37000,4.58,940823000000,161659.0,5.23,2855185.0,0.3,1550,0.18
188,020560,아시아나항공,KOSPI,운수창고업,4210,0,0.0,939820587740,,,3552.0,1.19,0,0.0
189,079160,CJ CGV,KOSPI,서비스업,26150,300,1.16,917865000000,,,11590.0,2.26,0,0.0
190,210980,SK디앤디,KOSPI,서비스업,48250,-1000,-2.03,916275413000,2365.0,20.4,19032.0,2.54,600,1.24
191,006040,동원산업,KOSPI,"농업, 임업 및 어업",248500,9500,3.97,913893788500,12635.0,19.67,282744.0,0.88,2000,0.8
192,005850,에스엘,KOSPI,운수장비,18800,2500,15.34,906221607600,1979.0,9.5,28224.0,0.67,400,2.13
193,042700,한미반도체,KOSPI,기계,17500,0,0.0,901276267500,383.0,45.69,3839.0,4.56,100,0.57
194,000150,두산,KOSPI,서비스업,53800,400,0.75,888982323000,21900.0,2.46,72969.0,0.74,5200,9.67
195,005440,현대그린푸드,KOSPI,유통업,9070,330,3.78,886179651740,628.0,14.44,17576.0,0.52,210,2.32
196,001230,동국제강,KOSPI,철강금속,9270,130,1.42,884661471990,,,19382.0,0.48,0,0.0
197,271980,제일약품,KOSPI,의약품,59700,-1800,-2.93,877880858400,,,11564.0,5.16,70,0.12
198,103140,풍산,KOSPI,철강금속,31250,350,1.13,875758687500,629.0,49.68,49306.0,0.63,400,1.28
199,005880,대한해운,KOSPI,운수창고업,3555,-140,-3.79,868383724950,374.0,9.51,3394.0,1.05,0,0.0
200,284740,쿠쿠홈시스,KOSPI,서비스업,38600,150,0.39,866080938000,2892.0,13.35,19326.0,2.0,560,1.45
201,064960,S&T모티브,KOSPI,운수장비,59200,5800,10.86,865689651200,181.0,327.07,50329.0,1.18,1400,2.36
202,001800,오리온홀딩스,KOSPI,기타금융,13400,200,1.52,839448654800,804.0,16.67,30747.0,0.44,650,4.85
203,001880,대림건설,KOSPI,건설업,36600,100,0.27,807150194400,6265.0,5.84,30161.0,1.21,400,1.09
204,192650,드림텍,KOSPI,전기전자,12200,450,3.83,803528417000,417.0,29.26,3575.0,3.41,160,1.31
205,241590,화승엔터프라이즈,KOSPI,기타제조업,13250,-250,-1.85,802110877500,1031.0,12.85,5759.0,2.3,45,0.34
206,039130,하나투어,KOSPI,서비스업,57100,-300,-0.52,795927463500,,,15562.0,3.67,1000,1.75
207,071840,롯데하이마트,KOSPI,유통업,33550,550,1.67,792038737600,,,81410.0,0.41,1000,2.98
208,003230,삼양식품,KOSPI,음식료품,102000,0,0.0,768367530000,7906.0,12.9,37661.0,2.71,800,0.78
209,020000,한섬,KOSPI,섬유의복,31050,-250,-0.8,764761500000,3881.0,8.0,42450.0,0.73,450,1.45
210,267270,현대건설기계,KOSPI,기계,38500,300,0.79,758480530500,169.0,227.81,61453.0,0.63,0,0.0
211,170900,동아에스티,KOSPI,의약품,88800,-1100,-1.22,749815478400,8404.0,10.57,76488.0,1.16,1000,1.13
212,001820,삼화콘덴서,KOSPI,전기전자,71800,4300,6.37,746361000000,2889.0,24.85,14698.0,4.89,250,0.35
213,000640,동아쏘시오홀딩스,KOSPI,기타금융,121000,-2500,-2.02,744796745000,3220.0,37.58,121392.0,1.0,1000,0.83
214,300720,한일시멘트,KOSPI,비금속광물,107500,-500,-0.46,744561555000,9772.0,11.0,214009.0,0.5,4700,4.37
215,001060,JW중외제약,KOSPI,의약품,35250,-350,-0.98,737431903500,,,10059.0,3.5,325,0.92
216,081000,일진다이아,KOSPI,화학,51700,-600,-1.15,734293807500,914.0,56.56,12656.0,4.09,300,0.58
217,272450,진에어,KOSPI,운수창고업,16250,-400,-2.4,731250000000,,,5750.0,2.83,0,0.0
218,002320,한진,KOSPI,운수창고업,48850,-850,-1.71,730191627800,,,72343.0,0.68,500,1.02
219,025540,한국단자,KOSPI,전기전자,70000,7000,11.11,729050000000,3062.0,22.86,68181.0,1.03,700,1.0
220,085620,미래에셋생명,KOSPI,보험,4100,-75,-1.8,725766374900,682.0,6.01,11792.0,0.35,170,4.15
221,298050,효성첨단소재,KOSPI,화학,162000,2000,1.25,725751576000,,,72195.0,2.24,0,0.0
222,108670,LG하우시스,KOSPI,화학,80800,100,0.12,724587736000,1154.0,70.02,91420.0,0.88,250,0.31
223,009450,경동나비엔,KOSPI,전기전자,53200,100,0.19,723771636000,2207.0,24.11,23612.0,2.25,300,0.56
224,049770,동원F&B,KOSPI,음식료품,186500,2500,1.36,719726626000,17015.0,10.96,176519.0,1.06,3000,1.61
225,267260,현대일렉트릭,KOSPI,전기전자,19950,650,3.37,719140343250,,,19418.0,1.03,0,0.0
226,011930,신성이엔지,KOSPI,전기전자,3570,15,0.42,717609380670,15.0,238.0,704.0,5.07,0,0.0
227,001360,삼성제약,KOSPI,의약품,11650,-100,-0.85,717054156450,118.0,98.73,2421.0,4.81,0,0.0
228,089590,제주항공,KOSPI,운수창고업,18350,0,0.0,706467935250,,,11248.0,1.63,0,0.0
229,034310,NICE,KOSPI,서비스업,18550,200,1.09,702716665000,771.0,24.06,18100.0,1.02,230,1.24
230,017810,풀무원,KOSPI,음식료품,18350,350,1.94,699511890650,56.0,327.68,9425.0,1.95,102,0.56
231,052690,한전기술,KOSPI,서비스업,18300,250,1.39,699426000000,694.0,26.37,12878.0,1.42,310,1.69
232,192400,쿠쿠홀딩스,KOSPI,기타금융,98300,1500,1.55,699152557100,12779.0,7.69,94719.0,1.04,3000,3.05
233,280360,롯데제과,KOSPI,음식료품,108000,1500,1.41,693005436000,5936.0,18.19,188501.0,0.57,1300,1.2
234,079550,LIG넥스원,KOSPI,기계,31200,1100,3.65,686400000000,145.0,215.17,28817.0,1.08,600,1.92
235,003470,유안타증권,KOSPI,증권,3430,0,0.0,684616255680,394.0,8.71,5947.0,0.58,0,0.0
236,033660,아주캐피탈,KOSPI,기타금융,11750,-150,-1.26,676164207500,1784.0,6.59,14145.0,0.83,650,5.53
237,012630,HDC,KOSPI,기타금융,11250,-150,-1.32,672094361250,4460.0,2.52,36131.0,0.31,200,1.78
238,002840,미원상사,KOSPI,화학,135000,-2500,-1.82,670950000000,6163.0,21.9,44134.0,3.06,654,0.48
239,000070,삼양홀딩스,KOSPI,기타금융,78300,-300,-0.38,670582419300,3987.0,19.64,160079.0,0.49,2000,2.55
240,082640,동양생명,KOSPI,보험,4150,-50,-1.19,669638127750,739.0,5.62,16121.0,0.26,230,5.54
241,003540,대신증권,KOSPI,증권,13150,0,0.0,667670210000,1310.0,10.04,22870.0,0.57,1000,7.6
242,298040,효성중공업,KOSPI,전기전자,71300,4200,6.26,664840272400,1411.0,50.53,97403.0,0.73,0,0.0
243,145990,삼양사,KOSPI,음식료품,64200,1200,1.9,662123425800,3375.0,19.02,104070.0,0.62,1000,1.56
244,018250,애경산업,KOSPI,화학,24950,0,0.0,658927878250,1581.0,15.78,12817.0,1.95,450,1.8
245,286940,롯데정보통신,KOSPI,서비스업,41600,-150,-0.36,640487369600,3720.0,11.18,25357.0,1.64,700,1.68
246,036420,제이콘텐트리,KOSPI,서비스업,39000,-1350,-3.35,639017769000,79.0,493.67,22129.0,1.76,0,0.0
247,005090,SGC에너지,KOSPI,전기가스업,43450,400,0.93,637715823800,,,56341.0,0.77,1000,2.3
248,105630,한세실업,KOSPI,섬유의복,15850,-350,-2.16,634000000000,,,9945.0,1.59,500,3.15
249,281820,케이씨텍,KOSPI,의료정밀,29900,-300,-0.99,623760524400,1859.0,16.08,14541.0,2.06,200,0.67
250,005610,SPC삼립,KOSPI,음식료품,71800,-700,-0.97,619562846200,2492.0,28.81,37411.0,1.92,1104,1.54
251,353200,대덕전자,KOSPI,전기전자,12500,450,3.73,617711562500,,,,,0,0.0
252,008730,율촌화학,KOSPI,화학,24900,-50,-0.2,617520000000,734.0,33.92,13790.0,1.81,500,2.01
253,001630,종근당홀딩스,KOSPI,의약품,122500,-5000,-3.92,613707972500,8988.0,13.63,93600.0,1.31,1300,1.06
254,017960,한국카본,KOSPI,기계,13900,-250,-1.77,611054522300,431.0,32.25,7114.0,1.95,120,0.86
255,001470,삼부토건,KOSPI,건설업,4415,-185,-4.02,607267214720,61.0,72.38,1531.0,2.88,0,0.0
256,002350,넥센타이어,KOSPI,화학,6170,30,0.49,602610801090,1153.0,5.35,14921.0,0.41,105,1.7
257,003530,한화투자증권,KOSPI,증권,2800,5,0.18,600733770000,511.0,5.48,5265.0,0.53,0,0.0
258,344820,케이씨씨글라스,KOSPI,비금속광물,37550,1200,3.3,599692725600,,,,,0,0.0
259,097230,한진중공업,KOSPI,건설업,7190,-80,-1.1,598742080390,5185.0,1.39,2943.0,2.44,0,0.0
260,005070,코스모신소재,KOSPI,화학,20150,100,0.5,589346494750,,,5026.0,4.01,0,0.0
261,008490,서흥,KOSPI,화학,50500,-100,-0.2,584240206500,2853.0,17.7,25552.0,1.98,400,0.79
262,015350,부산가스,KOSPI,전기가스업,53000,1600,3.11,583000000000,4892.0,10.83,60885.0,0.87,1000,1.89
263,298000,효성화학,KOSPI,화학,182500,2500,1.39,582197995000,27637.0,6.6,142536.0,1.28,5000,2.74
264,268280,미원에스씨,KOSPI,화학,111500,-2000,-1.76,568650000000,7559.0,14.75,47326.0,2.36,1700,1.52
265,005180,빙그레,KOSPI,음식료품,57600,800,1.41,567431481600,4644.0,12.4,57976.0,0.99,1450,2.52
266,000400,롯데손해보험,KOSPI,보험,1815,-10,-0.55,563260420800,,,3112.0,0.58,0,0.0
267,226320,잇츠한불,KOSPI,화학,25350,-450,-1.74,555908135250,,,18789.0,1.35,100,0.39
268,115390,락앤락,KOSPI,화학,10350,-50,-0.48,548629053300,302.0,34.27,12620.0,0.82,0,0.0
269,009290,광동제약,KOSPI,의약품,10400,-150,-1.42,545176850400,582.0,17.87,8069.0,1.29,80,0.77
270,000020,동화약품,KOSPI,의약품,19100,-600,-3.05,533491077000,341.0,56.01,10772.0,1.77,120,0.63
271,034830,한국토지신탁,KOSPI,기타금융,2070,-20,-0.96,522652706100,449.0,4.61,3476.0,0.6,110,5.31
272,030610,교보증권,KOSPI,증권,8080,-60,-0.74,522398631680,2391.0,3.38,26692.0,0.3,400,4.95
273,006390,한일현대시멘트,KOSPI,비금속광물,30600,-450,-1.45,514731474000,2458.0,12.45,12164.0,2.52,1000,3.27
274,003060,에이프로젠제약,KOSPI,의약품,1285,-30,-2.28,512169859310,,,968.0,1.33,0,0.0
275,001720,신영증권,KOSPI,증권,54400,900,1.68,510611292800,2324.0,23.41,69280.0,0.79,2500,4.6
276,008350,남선알미늄,KOSPI,철강금속,4610,-125,-2.64,507925604900,131.0,35.19,1621.0,2.84,0,0.0
277,123890,한국자산신탁,KOSPI,기타금융,4090,-20,-0.49,507069005680,733.0,5.58,5339.0,0.77,200,4.89
278,009970,영원무역홀딩스,KOSPI,기타금융,37100,350,0.95,505880463200,10421.0,3.56,100896.0,0.37,1000,2.7
279,009410,태영건설,KOSPI,건설업,12800,-100,-0.78,497908454400,1326.0,9.65,14630.0,0.87,150,1.17
280,195870,해성디에스,KOSPI,전기전자,29050,5250,22.06,493850000000,1078.0,26.95,12267.0,2.37,350,1.2
281,322000,현대에너지솔루션,KOSPI,전기전자,43850,700,1.62,491120000000,2788.0,15.73,28380.0,1.55,0,0.0
282,009680,모토닉,KOSPI,운수장비,14800,100,0.68,488400000000,514.0,28.79,12362.0,1.2,300,2.03
283,145720,덴티움,KOSPI,의료정밀,44100,-250,-0.56,488135403000,1714.0,25.73,18695.0,2.36,0,0.0
284,024720,한국콜마홀딩스,KOSPI,기타금융,26050,100,0.39,483923529950,2364.0,11.02,22998.0,1.13,195,0.75
285,003070,코오롱글로벌,KOSPI,건설업,19100,-300,-1.55,481519365800,1922.0,9.94,18259.0,1.05,350,1.83
286,339770,교촌에프앤비,KOSPI,유통업,19150,-200,-1.03,478415641000,1411.0,13.57,3835.0,4.99,96,0.5
287,249420,일동제약,KOSPI,의약품,20000,-550,-2.68,476065700000,,,10643.0,1.88,0,0.0
288,060980,한라홀딩스,KOSPI,기타금융,45300,4850,11.99,474384771000,3921.0,11.55,84613.0,0.54,2000,4.42
289,010050,우리종금,KOSPI,기타금융,542,-3,-0.55,473818246052,78.0,6.95,536.0,1.01,0,0.0
290,027410,BGF,KOSPI,기타금융,4905,-25,-0.51,469490859855,281.0,17.46,15699.0,0.31,110,2.24
291,138250,엔에스쇼핑,KOSPI,유통업,13800,-500,-3.5,465004800000,,,12609.0,1.09,150,1.09
292,071320,지역난방공사,KOSPI,전기가스업,40100,-350,-0.87,464307634400,,,132086.0,0.3,0,0.0
293,068400,SK렌터카,KOSPI,서비스업,9640,40,0.42,455835497600,740.0,13.03,9639.0,1.0,0,0.0
294,034120,SBS,KOSPI,서비스업,24850,-400,-1.58,453576662700,1114.0,22.31,31799.0,0.78,150,0.6
295,017390,서울가스,KOSPI,전기가스업,90000,900,1.01,450000000000,7512.0,11.98,192791.0,0.47,1750,1.94
296,000370,한화손해보험,KOSPI,보험,3820,-60,-1.55,445942655300,,,12154.0,0.31,0,0.0
297,093050,LF,KOSPI,섬유의복,15250,200,1.33,445910000000,2313.0,6.59,41768.0,0.37,500,3.28
298,001200,유진투자증권,KOSPI,증권,4585,-90,-1.93,444132526530,427.0,10.74,8151.0,0.56,70,1.53
299,002390,한독,KOSPI,의약품,32250,-500,-1.53,443873939250,2544.0,12.68,24757.0,1.3,275,0.85
300,016710,대성홀딩스,KOSPI,서비스업,27550,250,0.92,443264595450,837.0,32.92,26020.0,1.06,250,0.91
301,001530,DI동일,KOSPI,유통업,178000,-500,-0.28,438878402000,6765.0,26.31,195965.0,0.91,1500,0.84
302,063160,종근당바이오,KOSPI,의약품,80000,-3800,-4.53,438876960000,2280.0,35.09,28890.0,2.77,200,0.25
303,014830,유니드,KOSPI,화학,49250,0,0.0,437824767750,7600.0,6.48,79982.0,0.62,1200,2.44
304,001510,SK증권,KOSPI,증권,915,-16,-1.72,432420006465,67.0,13.66,1197.0,0.76,10,1.09
305,001430,세아베스틸,KOSPI,철강금속,12000,400,3.45,430345428000,483.0,24.84,51512.0,0.23,300,2.5
306,053210,스카이라이프,KOSPI,서비스업,8920,70,0.79,426571936720,1147.0,7.78,14620.0,0.61,350,3.92
307,025860,남해화학,KOSPI,화학,8570,150,1.78,425747684510,335.0,25.58,8735.0,0.98,60,0.7
308,126560,현대퓨처넷,KOSPI,서비스업,3770,-80,-2.08,425544766920,343.0,10.99,6569.0,0.57,60,1.59
309,004700,조광피혁,KOSPI,기타제조업,63000,-100,-0.16,418895694000,4076.0,15.46,41361.0,1.52,0,0.0
310,004430,송원산업,KOSPI,화학,17350,-400,-2.25,416400000000,1448.0,11.98,17983.0,0.96,150,0.86
311,003620,쌍용차,KOSPI,운수장비,2770,0,0.0,415056805540,,,2690.0,1.03,0,0.0
312,001780,알루코,KOSPI,철강금속,4980,45,0.91,414372269340,,,2755.0,1.81,0,0.0
313,084690,대상홀딩스,KOSPI,기타금융,11400,650,6.05,412822933200,1946.0,5.86,15703.0,0.73,200,1.75
314,002780,진흥기업,KOSPI,건설업,2835,0,0.0,412412397075,140.0,20.25,664.0,4.27,0,0.0
315,293480,하나제약,KOSPI,의약품,25250,250,1.0,409050000000,1778.0,14.2,13601.0,1.86,460,1.82
316,214390,경보제약,KOSPI,의약품,16900,-800,-4.52,404025934000,221.0,76.47,6239.0,2.71,100,0.59
317,011280,태림포장,KOSPI,종이목재,5680,-110,-1.9,402177739200,270.0,21.04,4325.0,1.31,290,5.11
318,003220,대원제약,KOSPI,의약품,19850,-250,-1.24,401835519550,1369.0,14.5,10124.0,1.96,260,1.31
319,001500,현대차증권,KOSPI,증권,13550,400,3.04,397517854050,2315.0,5.85,25525.0,0.53,600,4.43
320,033240,자화전자,KOSPI,전기전자,22200,750,3.5,397380000000,,,15564.0,1.43,0,0.0
321,000390,삼화페인트,KOSPI,화학,14950,-1800,-10.75,395259327450,167.0,89.52,10625.0,1.41,125,0.84
322,077500,유니퀘스트,KOSPI,유통업,14450,600,4.33,394589401250,953.0,15.16,7830.0,1.85,150,1.04
323,002210,동성제약,KOSPI,의약품,15100,-1050,-6.5,394124647000,,,2689.0,5.62,0,0.0
324,005950,이수화학,KOSPI,화학,16150,-600,-3.58,389470170000,,,18013.0,0.9,400,2.48
325,096760,JW홀딩스,KOSPI,기타금융,5840,-70,-1.18,388080585200,,,2191.0,2.67,90,1.54
326,006060,화승인더,KOSPI,화학,7000,-10,-0.14,387240000000,1092.0,6.41,5972.0,1.17,45,0.64
327,005500,삼진제약,KOSPI,의약품,27700,350,1.28,385030000000,917.0,30.21,14207.0,1.95,800,2.89
328,002270,롯데푸드,KOSPI,음식료품,335500,3500,1.05,379742385000,41242.0,8.13,625100.0,0.54,12000,3.58
329,102460,이연제약,KOSPI,의약품,21500,-1000,-4.44,377591385000,352.0,61.08,12879.0,1.67,350,1.63
330,075580,세진중공업,KOSPI,운수장비,6620,-120,-1.78,376343398720,42.0,157.62,2765.0,2.39,20,0.3
331,007460,에이프로젠 KIC,KOSPI,기계,2020,-55,-2.65,369551431060,86.0,23.49,1973.0,1.02,0,0.0
332,092220,KEC,KOSPI,전기전자,3165,95,3.09,369377465100,,,1782.0,1.78,0,0.0
333,026890,디피씨,KOSPI,전기전자,8810,60,0.69,367184721750,287.0,30.7,3705.0,2.38,80,0.91
334,000140,하이트진로홀딩스,KOSPI,기타금융,15800,-150,-0.94,366666887000,,,18398.0,0.86,350,2.22
335,029460,케이씨,KOSPI,의료정밀,27050,150,0.56,366636890200,4054.0,6.67,33184.0,0.82,250,0.92
336,072710,농심홀딩스,KOSPI,기타금융,77900,900,1.17,361283841000,7887.0,9.88,198514.0,0.39,2000,2.57
337,033180,필룩스,KOSPI,전기전자,3995,-105,-2.56,359722296360,,,3355.0,1.19,0,0.0
338,083420,그린케미칼,KOSPI,화학,14900,-1200,-7.45,357600000000,236.0,63.14,4521.0,3.3,170,1.14
339,000050,경방,KOSPI,유통업,12900,-100,-0.77,353656983000,1630.0,7.91,27050.0,0.48,125,0.97
340,002310,아세아제지,KOSPI,종이목재,39400,-350,-0.88,352886178800,6860.0,5.74,65302.0,0.6,600,1.52
341,317400,자이에스앤디,KOSPI,서비스업,13000,550,4.42,348172760000,677.0,19.2,5419.0,2.4,100,0.77
342,007810,코리아써키트,KOSPI,전기전자,14650,-50,-0.34,346044002150,25.0,586.0,12169.0,1.2,0,0.0
343,002990,금호산업,KOSPI,건설업,9420,70,0.75,345091564080,332.0,28.37,10364.0,0.91,500,5.31
344,079430,현대리바트,KOSPI,기타제조업,16600,0,0.0,340885681200,968.0,17.15,22301.0,0.74,150,0.9
345,002620,제일파마홀딩스,KOSPI,서비스업,21250,0,0.0,339433793750,,,24634.0,0.86,70,0.33
346,004690,삼천리,KOSPI,전기가스업,83500,600,0.72,338594587500,10614.0,7.87,316716.0,0.26,3000,3.59
347,005420,코스모화학,KOSPI,화학,12900,400,3.2,336829642500,,,5351.0,2.41,0,0.0
348,006840,AK홀딩스,KOSPI,기타금융,25350,150,0.6,335825671350,2168.0,11.69,62448.0,0.41,750,2.96
349,016800,퍼시스,KOSPI,기타제조업,29100,-400,-1.36,334650000000,3601.0,8.08,38601.0,0.75,1000,3.44
350,000480,조선내화,KOSPI,비금속광물,83600,200,0.24,334400000000,7493.0,11.16,147942.0,0.57,4000,4.78
351,234080,JW생명과학,KOSPI,의약품,21100,250,1.2,334109089400,1385.0,15.23,7744.0,2.72,500,2.37
352,002960,한국쉘석유,KOSPI,화학,255500,0,0.0,332150000000,16174.0,15.8,75323.0,3.39,16000,6.26
353,213500,한솔제지,KOSPI,종이목재,13700,-100,-0.72,326067891200,1683.0,8.14,24810.0,0.55,600,4.38
354,084680,이월드,KOSPI,서비스업,3150,-40,-1.25,324890675550,27.0,116.67,2729.0,1.15,0,0.0
355,136490,선진,KOSPI,음식료품,13600,-550,-3.89,323402614400,899.0,15.13,13439.0,1.01,50,0.37
356,004710,한솔테크닉스,KOSPI,전기전자,10050,-50,-0.5,322704273900,245.0,41.02,8145.0,1.23,0,0.0
357,023800,인지컨트롤스,KOSPI,운수장비,21150,2500,13.4,320636707200,,,11832.0,1.79,100,0.47
358,095720,웅진씽크빅,KOSPI,서비스업,2720,-15,-0.55,319332330240,,,3510.0,0.77,310,11.4
359,001390,KG케미칼,KOSPI,화학,24450,-250,-1.01,318173522400,7691.0,3.18,26210.0,0.93,350,1.43
360,104700,한국철강,KOSPI,철강금속,6900,10,0.15,317745000000,415.0,16.63,15742.0,0.44,200,2.9
361,183190,아세아시멘트,KOSPI,비금속광물,81500,-300,-0.37,317508433500,7159.0,11.38,204892.0,0.4,1500,1.84
362,007690,국도화학,KOSPI,화학,54500,-1000,-1.8,316678572000,6219.0,8.76,88911.0,0.61,1500,2.75
363,005960,동부건설,KOSPI,건설업,13900,-100,-0.71,315558133600,2814.0,4.94,19059.0,0.73,700,5.04
364,058650,세아홀딩스,KOSPI,철강금속,78700,300,0.38,314800000000,7707.0,10.21,491403.0,0.16,2250,2.86
365,037270,YG PLUS,KOSPI,서비스업,5260,340,6.91,312949196700,,,1562.0,3.37,0,0.0
366,003300,한일홀딩스,KOSPI,비금속광물,10850,50,0.46,312651213000,461.0,23.54,33397.0,0.32,460,4.24
367,016580,환인제약,KOSPI,의약품,16750,150,0.9,311551172500,1225.0,13.67,14719.0,1.14,300,1.79
368,019680,대교,KOSPI,서비스업,3640,-20,-0.55,308318374000,190.0,19.16,5848.0,0.62,170,4.67
369,002020,코오롱,KOSPI,기타금융,24000,1200,5.26,303034224000,,,43841.0,0.55,500,2.08
370,122900,아이마켓코리아,KOSPI,유통업,8550,-30,-0.35,302613057000,483.0,17.7,10185.0,0.84,600,7.02
371,016450,한세예스24홀딩스,KOSPI,섬유의복,7550,-60,-0.79,302000000000,513.0,14.72,6786.0,1.11,250,3.31
372,272550,삼양패키징,KOSPI,화학,21250,50,0.24,301958335000,1998.0,10.64,20142.0,1.06,750,3.53
373,002240,고려제강,KOSPI,철강금속,15050,-50,-0.33,301000000000,434.0,34.68,59916.0,0.25,350,2.33
374,037560,LG헬로비전,KOSPI,서비스업,3885,0,0.0,300881070525,,,12283.0,0.32,75,1.93
375,161000,애경유화,KOSPI,화학,9320,-190,-2.0,298612800000,966.0,9.65,11336.0,0.82,350,3.76
376,001570,금양,KOSPI,화학,6700,140,2.13,295122504500,,,1535.0,4.36,0,0.0
377,214330,금호에이치티,KOSPI,운수장비,2535,-45,-1.74,294600330180,,,2439.0,1.04,0,0.0
378,017940,E1,KOSPI,유통업,42800,-500,-1.15,293608000000,,,166288.0,0.26,2200,5.14
379,001520,동양,KOSPI,비금속광물,1230,15,1.23,293581397490,,,3428.0,0.36,40,3.25
380,012610,경인양행,KOSPI,화학,7080,-30,-0.42,292236664200,344.0,20.58,5357.0,1.32,50,0.71
381,084010,대한제강,KOSPI,철강금속,11700,-300,-2.5,288366787800,1340.0,8.73,18665.0,0.63,200,1.71
382,306200,세아제강,KOSPI,철강금속,100500,-500,-0.5,285048150000,8768.0,11.46,201388.0,0.5,2000,1.99
383,091810,티웨이항공,KOSPI,운수창고업,2580,5,0.19,284652119820,,,2357.0,1.09,0,0.0
384,079980,휴비스,KOSPI,화학,8190,-50,-0.61,282555000000,,,11407.0,0.72,150,1.83
385,002150,도화엔지니어링,KOSPI,서비스업,8370,0,0.0,282236400000,519.0,16.13,7490.0,1.12,250,2.99
386,004360,세방,KOSPI,운수창고업,14600,2200,17.74,281906874000,240.0,60.83,35497.0,0.41,175,1.2
387,033530,세종공업,KOSPI,운수장비,10050,650,6.91,279039214800,257.0,39.11,16554.0,0.61,50,0.5
388,004310,현대약품,KOSPI,의약품,8650,-490,-5.36,276800000000,42.0,205.95,2737.0,3.16,45,0.52
389,002100,경농,KOSPI,화학,12650,0,0.0,274400637500,254.0,49.8,8484.0,1.49,220,1.74
390,015860,일진홀딩스,KOSPI,기타금융,5560,-110,-1.94,274372005480,274.0,20.29,5815.0,0.96,100,1.8
391,298690,에어부산,KOSPI,운수창고업,3340,-50,-1.47,274113800000,,,1862.0,1.79,0,0.0
392,082740,HSD엔진,KOSPI,기계,8260,-320,-3.73,272143392920,,,5722.0,1.44,0,0.0
393,267850,아시아나IDT,KOSPI,서비스업,24500,-900,-3.54,271950000000,,,12737.0,1.92,500,2.04
394,013580,계룡건설,KOSPI,건설업,30300,-50,-0.16,270606482100,8363.0,3.62,50766.0,0.6,600,1.98
395,001130,대한제분,KOSPI,음식료품,159500,0,0.0,269555000000,10196.0,15.64,449614.0,0.35,2000,1.25
396,007340,디티알오토모티브,KOSPI,전기전자,26900,500,1.89,268838734500,7539.0,3.57,60240.0,0.45,1500,5.58
397,017180,명문제약,KOSPI,의약품,7860,-460,-5.53,266874148440,,,2912.0,2.7,0,0.0
398,029530,신도리코,KOSPI,전기전자,26400,750,2.92,266112765600,1473.0,17.92,86372.0,0.31,1000,3.79
399,025000,KPX케미칼,KOSPI,화학,54800,-800,-1.44,265232000000,8571.0,6.39,96367.0,0.57,2500,4.56
400,001940,KISCO홀딩스,KOSPI,철강금속,14250,-300,-2.06,263288415000,2909.0,4.9,44246.0,0.32,280,1.96
401,101060,SBS미디어홀딩스,KOSPI,서비스업,1875,-20,-1.06,262305356250,,,4162.0,0.45,0,0.0
402,008700,아남전자,KOSPI,전기전자,3355,80,2.44,258753771100,12.0,279.58,748.0,4.49,0,0.0
403,002810,삼영무역,KOSPI,유통업,14000,0,0.0,258537272000,1987.0,7.05,19563.0,0.72,350,2.5
404,248170,샘표식품,KOSPI,음식료품,56300,900,1.62,257194501800,5872.0,9.59,34375.0,1.64,200,0.36
405,016590,신대양제지,KOSPI,종이목재,63700,-1000,-1.55,256697113400,13849.0,4.6,103836.0,0.61,625,0.98
406,044450,KSS해운,KOSPI,운수창고업,11050,150,1.38,256203974000,1034.0,10.69,12026.0,0.92,270,2.44
407,031440,신세계푸드,KOSPI,서비스업,66000,-300,-0.45,255583680000,1124.0,58.72,81369.0,0.81,750,1.14
408,000430,대원강업,KOSPI,운수장비,4105,145,3.66,254510000000,258.0,15.91,7743.0,0.53,115,2.8
409,005390,신성통상,KOSPI,유통업,1755,15,0.86,252208224450,51.0,34.41,1652.0,1.06,0,0.0
410,101140,인바이오젠,KOSPI,유통업,4885,-80,-1.61,251877424345,410.0,11.91,1664.0,2.94,0,0.0
411,092230,KPX홀딩스,KOSPI,화학,59200,-800,-1.33,250099043200,8406.0,7.04,149477.0,0.4,2600,4.39
412,036580,팜스코,KOSPI,음식료품,6800,-20,-0.29,249750012400,,,7977.0,0.85,50,0.74
413,037710,광주신세계,KOSPI,유통업,156000,2000,1.3,249600000000,29953.0,5.21,413244.0,0.38,3500,2.24
414,005720,넥센,KOSPI,화학,4655,155,3.44,249247212935,1055.0,4.41,18028.0,0.26,80,1.72
415,004380,삼익THK,KOSPI,기계,11850,-250,-2.07,248850000000,158.0,75.0,8969.0,1.32,150,1.27
416,094280,효성ITX,KOSPI,서비스업,21500,-350,-1.6,248501300000,899.0,23.92,4162.0,5.17,500,2.33
417,229640,LS전선아시아,KOSPI,기타금융,8030,-270,-3.25,245917778370,523.0,15.35,4591.0,1.75,180,2.24
418,036530,S&T홀딩스,KOSPI,기타금융,15000,400,2.74,244558290000,4072.0,3.68,46992.0,0.32,500,3.33
419,308170,센트랄모텍,KOSPI,운수장비,28250,-750,-2.59,243232500000,782.0,36.13,11636.0,2.43,0,0.0
420,144620,코오롱머티리얼,KOSPI,화학,3520,-90,-2.49,241678395200,,,1028.0,3.42,0,0.0
421,005810,풍산홀딩스,KOSPI,기타금융,30800,100,0.33,241323143600,3696.0,8.33,90941.0,0.34,1400,4.55
422,030210,KTB투자증권,KOSPI,증권,4000,-55,-1.36,241256368000,681.0,5.87,8098.0,0.49,150,3.75
423,011760,현대상사,KOSPI,유통업,18150,300,1.68,240105732900,1292.0,14.05,25722.0,0.71,600,3.31
424,007860,서연,KOSPI,기타금융,10200,-200,-1.92,239494408800,,,17990.0,0.57,50,0.49
425,101530,해태제과식품,KOSPI,음식료품,8110,-10,-0.12,236137426420,,,8359.0,0.97,150,1.85
426,035510,신세계 I&C,KOSPI,서비스업,135000,1000,0.75,232200000000,6512.0,20.73,115835.0,1.17,2000,1.48
427,068290,삼성출판사,KOSPI,서비스업,23200,-600,-2.52,232000000000,487.0,47.64,9069.0,2.56,100,0.43
428,009580,무림P&P,KOSPI,종이목재,3715,65,1.78,231698323660,162.0,22.93,9842.0,0.38,175,4.71
429,008060,대덕,KOSPI,기타금융,6790,-10,-0.15,230114118500,976.0,6.96,12786.0,0.53,300,4.42
430,016610,DB금융투자,KOSPI,증권,5420,60,1.12,230059428380,1172.0,4.62,16484.0,0.33,250,4.61
431,200880,서연이화,KOSPI,운수장비,8440,110,1.32,228120008280,,,22608.0,0.37,100,1.18
432,089470,HDC현대EP,KOSPI,화학,7140,500,7.53,227766000000,445.0,16.04,8886.0,0.8,120,1.68
433,006490,인스코비,KOSPI,통신업,2255,-60,-2.59,227550011480,,,260.0,8.67,0,0.0
434,093230,이아이디,KOSPI,유통업,311,-12,-3.72,224959530562,1.0,311.0,251.0,1.24,0,0.0
435,003560,IHQ,KOSPI,서비스업,1530,-30,-1.92,223740694440,,,933.0,1.64,0,0.0
436,030790,비케이탑스,KOSPI,서비스업,17100,1350,8.57,223523351100,,,6679.0,2.56,0,0.0
437,180400,캔서롭,KOSDAQ,기타서비스,7740,0,0.0,222082929900,,,1066.0,7.26,0,0.0
438,003120,일성신약,KOSPI,의약품,83400,-2200,-2.57,221844000000,4859.0,17.16,129883.0,0.64,750,0.9
439,001270,부국증권,KOSPI,증권,21150,50,0.24,219323088900,3070.0,6.89,36295.0,0.58,1200,5.67
440,102260,동성코퍼레이션,KOSPI,서비스업,4985,-15,-0.3,219305164820,128.0,38.95,6198.0,0.8,200,4.01
441,003920,남양유업,KOSPI,음식료품,301500,16500,5.79,217080000000,34527.0,8.73,1028846.0,0.29,1000,0.33
442,005680,삼영전자,KOSPI,전기전자,10650,450,4.41,213000000000,428.0,24.88,24220.0,0.44,250,2.35
443,095570,AJ네트웍스,KOSPI,서비스업,4540,-155,-3.3,212573219300,982.0,4.62,6802.0,0.67,300,6.61
444,001070,대한방직,KOSPI,섬유의복,40000,-300,-0.74,212000000000,,,23893.0,1.67,0,0.0
445,000680,LS네트웍스,KOSPI,유통업,2670,-35,-1.29,210404052720,,,6590.0,0.41,0,0.0
446,004960,한신공영,KOSPI,건설업,18150,150,0.83,210008241300,6212.0,2.92,43693.0,0.42,350,1.93
447,015360,예스코홀딩스,KOSPI,기타금융,34800,250,0.72,208800000000,4611.0,7.55,91813.0,0.38,1750,5.03
448,070960,용평리조트,KOSPI,서비스업,4315,5,0.12,207695331895,,,8222.0,0.52,0,0.0
449,091090,세원셀론텍,KOSPI,기계,2985,-105,-3.4,205996894725,,,2896.0,1.03,0,0.0
450,002030,아세아,KOSPI,서비스업,93800,1100,1.19,205518051200,25353.0,3.7,354657.0,0.26,1750,1.87
451,001460,BYC,KOSPI,섬유의복,324500,10500,3.34,202687567500,33265.0,9.75,517079.0,0.63,1100,0.34
452,003200,일신방직,KOSPI,섬유의복,84400,-800,-0.94,202560000000,3084.0,27.37,293218.0,0.29,1500,1.78
453,033920,무학,KOSPI,음식료품,7050,-70,-0.98,200925000000,849.0,8.3,18067.0,0.39,0,0.0
454,123690,한국화장품,KOSPI,유통업,12400,-200,-1.59,199243200000,,,2190.0,5.66,0,0.0
455,090350,노루페인트,KOSPI,화학,9950,-250,-2.45,199000000000,923.0,10.78,15754.0,0.63,275,2.76
456,078520,에이블씨엔씨,KOSPI,화학,7360,0,0.0,198966258240,,,9140.0,0.81,0,0.0
457,003570,S&T중공업,KOSPI,운수장비,5980,40,0.67,198851128060,622.0,9.61,18558.0,0.32,300,5.02
458,028100,동아지질,KOSPI,건설업,17200,0,0.0,197800000000,1686.0,10.2,16860.0,1.02,200,1.16
459,001250,GS글로벌,KOSPI,유통업,2375,130,5.79,196017689500,,,4351.0,0.55,0,0.0
460,014790,한라,KOSPI,건설업,5040,-90,-1.75,195929707680,28.0,180.0,5322.0,0.95,0,0.0
461,003030,세아제강지주,KOSPI,기타금융,47050,50,0.11,194864961850,,,232984.0,0.2,1500,3.19
462,002900,동양물산,KOSPI,기계,1540,-50,-3.14,194047099400,61.0,25.25,882.0,1.75,0,0.0
463,000970,한국주철관,KOSPI,철강금속,8490,-20,-0.24,193576245000,585.0,14.51,11819.0,0.72,200,2.36
464,000540,흥국화재,KOSPI,보험,3000,5,0.17,192727935000,510.0,5.88,10926.0,0.27,0,0.0
465,143210,핸즈코퍼레이션,KOSPI,운수장비,8810,170,1.97,192615391080,320.0,27.53,14807.0,0.59,130,1.48
466,001790,대한제당,KOSPI,음식료품,21450,350,1.66,192399164100,1717.0,12.49,48261.0,0.44,675,3.15
467,002170,삼양통상,KOSPI,기타제조업,63900,1200,1.91,191700000000,15112.0,4.23,109582.0,0.58,1000,1.56
468,107590,미원홀딩스,KOSPI,기타금융,81600,-3400,-4.0,189312000000,6591.0,12.38,62937.0,1.3,400,0.49
469,002720,국제약품,KOSPI,의약품,10150,-300,-2.87,186765278000,,,3311.0,3.07,0,0.0
470,004890,동일산업,KOSPI,철강금속,77000,-400,-0.52,186741555000,1726.0,44.61,145886.0,0.53,750,0.97
471,004980,성신양회,KOSPI,비금속광물,7610,0,0.0,186567315530,700.0,10.87,15851.0,0.48,150,1.97
472,004560,현대비앤지스틸,KOSPI,철강금속,12250,1350,12.39,184715434750,1433.0,8.55,26531.0,0.46,100,0.82
473,138490,코오롱플라스틱,KOSPI,화학,4810,85,1.8,182780000000,143.0,33.64,5200.0,0.93,70,1.46
474,020120,키다리스튜디오,KOSPI,서비스업,9820,-90,-0.91,181725885620,139.0,70.65,1213.0,8.1,0,0.0
475,004770,써니전자,KOSPI,전기전자,5210,-50,-0.95,181542507310,20.0,260.5,1598.0,3.26,0,0.0
476,025750,한솔홈데코,KOSPI,종이목재,2245,-70,-3.02,180868759505,,,1914.0,1.17,0,0.0
477,011150,CJ씨푸드,KOSPI,음식료품,5010,-80,-1.57,180013172730,51.0,98.24,1781.0,2.81,0,0.0
478,012690,모나리자,KOSPI,종이목재,4905,-75,-1.51,179382005775,66.0,74.32,1781.0,2.75,50,1.02
479,023960,에쓰씨엔지니어링,KOSPI,건설업,7170,-160,-2.18,179368928790,,,994.0,7.21,0,0.0
480,023450,동남합성,KOSPI,화학,49550,50,0.1,178875500000,4926.0,10.06,20576.0,2.41,200,0.4
481,013520,화승알앤에이,KOSPI,운수장비,2590,180,7.47,178826226250,376.0,6.89,4046.0,0.64,25,0.97
482,055490,테이팩스,KOSPI,화학,37900,-300,-0.79,178798935000,1617.0,23.44,21349.0,1.78,0,0.0
483,002630,오리엔트바이오,KOSPI,의약품,1505,-105,-6.52,178447798830,,,510.0,2.95,0,0.0
484,077970,STX엔진,KOSPI,기계,7660,-70,-0.91,176248204640,737.0,10.39,8586.0,0.89,0,0.0
485,039570,HDC아이콘트롤스,KOSPI,건설업,10700,-150,-1.38,176122000000,,,10245.0,1.04,350,3.27
486,003580,넥스트사이언스,KOSPI,광업,5370,10,0.19,175596970140,,,2692.0,1.99,0,0.0
487,000230,일동홀딩스,KOSPI,의약품,14950,-250,-1.64,172528980000,,,11931.0,1.25,100,0.67
488,020760,일진디스플,KOSPI,전기전자,6090,-80,-1.3,172434939600,,,1665.0,3.66,0,0.0
489,007210,벽산,KOSPI,비금속광물,2505,-135,-5.11,171742800000,,,3390.0,0.74,0,0.0
490,006890,태경케미컬,KOSPI,화학,14800,-100,-0.67,171680000000,858.0,17.25,10215.0,1.45,150,1.01
491,009160,SIMPAC,KOSPI,기계,2610,35,1.36,170771036760,157.0,16.62,6743.0,0.39,60,2.3
492,015890,태경산업,KOSPI,화학,5830,-70,-1.19,170403612500,1023.0,5.7,8089.0,0.72,370,6.35
493,074610,이엔플러스,KOSPI,기계,4025,-180,-4.28,170297947225,,,1232.0,3.27,0,0.0
494,012030,DB,KOSPI,서비스업,845,-15,-1.74,169991973385,23.0,36.74,1049.0,0.81,0,0.0
495,000490,대동공업,KOSPI,기계,7140,-80,-1.11,169419419400,150.0,47.6,9019.0,0.79,60,0.84
496,014160,대영포장,KOSPI,종이목재,1555,-95,-5.76,168553523695,100.0,15.55,1389.0,1.12,0,0.0
497,044820,코스맥스비티아이,KOSPI,기타금융,17400,-350,-1.97,167108225400,42.0,414.29,30613.0,0.57,250,1.44
498,017550,수산중공업,KOSPI,기계,3090,-155,-4.78,166814153670,3.0,1030.0,1859.0,1.66,10,0.32
499,007160,사조산업,KOSPI,"농업, 임업 및 어업",33200,0,0.0,166000000000,,,79920.0,0.42,150,0.45
500,003350,한국화장품제조,KOSPI,화학,36500,-350,-0.95,165418000000,,,10597.0,3.44,100,0.27
501,176440,에이치엔티,KOSDAQ,IT부품,1920,0,0.0,164619542400,,,695.0,2.76,0,0.0
502,012200,계양전기,KOSPI,기계,4990,25,0.5,162674000000,4.0,1247.5,5425.0,0.92,35,0.7
503,004720,우리들제약,KOSPI,의약품,11000,-200,-1.79,161842263000,26.0,423.08,4801.0,2.29,0,0.0
504,013870,지엠비코리아,KOSPI,운수장비,8450,170,2.05,161160766000,143.0,59.09,11858.0,0.71,30,0.36
505,003960,사조대림,KOSPI,음식료품,17500,0,0.0,160378172500,12182.0,1.44,34643.0,0.51,150,0.86
506,006380,카프로,KOSPI,화학,4005,-275,-6.43,160200000000,,,4613.0,0.87,0,0.0
507,007660,이수페타시스,KOSPI,전기전자,3870,-90,-2.27,159708700260,,,1842.0,2.1,60,1.55
508,047400,유니온머티리얼,KOSPI,비금속광물,3800,0,0.0,159600000000,57.0,66.67,2045.0,1.86,50,1.32
509,011500,한농화성,KOSPI,화학,10200,-50,-0.49,159497828400,652.0,15.64,7692.0,1.33,150,1.47
510,000180,성창기업지주,KOSPI,서비스업,2285,-35,-1.51,159382406000,,,7529.0,0.3,0,0.0
511,004150,한솔홀딩스,KOSPI,기타금융,3790,-110,-2.82,159212506830,602.0,6.3,9195.0,0.41,0,0.0
512,004540,깨끗한나라,KOSPI,종이목재,4255,-80,-1.85,158459148715,,,4260.0,1.0,0,0.0
513,004270,남성,KOSPI,유통업,4355,-30,-0.68,157703956800,,,2379.0,1.83,25,0.57
514,014280,금강공업,KOSPI,철강금속,5970,330,5.85,157091445750,,,10865.0,0.55,80,1.34
515,005320,국동,KOSPI,유통업,4030,-35,-0.86,156460171920,,,2337.0,1.72,0,0.0
516,003160,디아이,KOSPI,의료정밀,4960,50,1.02,156224053600,23.0,215.65,4256.0,1.17,50,1.01
517,001340,백광산업,KOSPI,화학,3475,35,1.02,156091464325,373.0,9.32,3726.0,0.93,75,2.16
518,002460,화성산업,KOSPI,건설업,12500,0,0.0,155635000000,634.0,19.72,29797.0,0.42,500,4.0
519,100250,진양홀딩스,KOSPI,화학,2780,0,0.0,155388911760,276.0,10.07,5507.0,0.5,170,6.12
520,007110,일신석재,KOSPI,유통업,2000,25,1.27,154913220000,12.0,166.67,671.0,2.98,0,0.0
521,009470,삼화전기,KOSPI,전기전자,23250,900,4.03,153771315000,460.0,50.54,6665.0,3.49,100,0.43
522,214420,토니모리,KOSPI,화학,8630,-70,-0.8,152233200000,,,5600.0,1.54,0,0.0
523,000320,노루홀딩스,KOSPI,기타금융,11400,-150,-1.3,151519121400,439.0,25.97,27108.0,0.42,400,3.51
524,130660,한전산업,KOSPI,서비스업,4605,-85,-1.81,150123000000,530.0,8.69,2632.0,1.75,227,4.93
525,000700,유수홀딩스,KOSPI,서비스업,5750,10,0.17,149740419000,163.0,35.28,8702.0,0.66,0,0.0
526,004970,신라교역,KOSPI,"농업, 임업 및 어업",9330,0,0.0,149280000000,645.0,14.47,32378.0,0.29,500,5.36
527,002760,보락,KOSPI,화학,2470,-60,-2.37,147953000000,11.0,224.55,734.0,3.37,5,0.2
528,128820,대성산업,KOSPI,유통업,3270,-10,-0.3,147920013060,,,9118.0,0.36,0,0.0
529,015590,큐로,KOSPI,기계,651,-13,-1.96,147914776338,17.0,38.29,451.0,1.44,0,0.0
530,102280,쌍방울,KOSPI,섬유의복,616,-3,-0.48,147445530232,,,1083.0,0.57,0,0.0
531,134380,미원화학,KOSPI,화학,66800,700,1.06,146911102400,6719.0,9.94,46438.0,1.44,1000,1.5
532,012800,대창,KOSPI,철강금속,1610,-60,-3.59,146736203390,66.0,24.39,2023.0,0.8,10,0.62
533,013700,까뮤이앤씨,KOSPI,건설업,3245,-50,-1.52,146519148600,305.0,10.64,1571.0,2.07,30,0.92
534,117580,대성에너지,KOSPI,전기가스업,5300,-10,-0.19,145750000000,474.0,11.18,11145.0,0.48,250,4.72
535,119650,KC코트렐,KOSPI,기계,11200,-500,-4.27,145600000000,149.0,75.17,5805.0,1.93,30,0.27
536,003830,대한화섬,KOSPI,화학,109000,0,0.0,144752000000,20048.0,5.44,401661.0,0.27,410,0.38
537,004840,DRB동일,KOSPI,기타금융,7260,250,3.57,144691800000,461.0,15.75,17771.0,0.41,100,1.38
538,210540,디와이파워,KOSPI,기계,13100,-200,-1.5,144646374800,1729.0,7.58,15129.0,0.87,200,1.53
539,017900,광전자,KOSPI,전기전자,2490,85,3.53,144279969870,66.0,37.73,3805.0,0.65,50,2.01
540,002410,범양건영,KOSPI,건설업,5800,200,3.57,144025495600,794.0,7.3,2819.0,2.06,0,0.0
541,007540,샘표,KOSPI,기타금융,49750,0,0.0,143071050000,5441.0,9.14,56153.0,0.89,200,0.4
542,024090,디씨엠,KOSPI,철강금속,12200,100,0.83,142740000000,2385.0,5.12,14933.0,0.82,500,4.1
543,006110,삼아알미늄,KOSPI,철강금속,12900,-100,-0.77,141900000000,450.0,28.67,9893.0,1.3,110,0.85
544,163560,동일고무벨트,KOSPI,화학,10350,300,2.99,141277500000,597.0,17.34,13940.0,0.74,100,0.97
545,282690,동아타이어,KOSPI,화학,10200,50,0.49,140076753000,1799.0,5.67,25988.0,0.39,500,4.9
546,000860,강남제비스코,KOSPI,화학,21500,-300,-1.38,139750000000,2250.0,9.56,81019.0,0.27,500,2.33
547,008970,동양철관,KOSPI,철강금속,1170,-30,-2.5,139095789300,15.0,78.0,671.0,1.74,0,0.0
548,120030,조선선재,KOSPI,기계,110500,0,0.0,138970435500,11834.0,9.34,87844.0,1.26,1500,1.36
549,000520,삼일제약,KOSPI,의약품,20750,-500,-2.35,138919092000,129.0,160.85,9580.0,2.17,150,0.72
550,008040,사조동아원,KOSPI,음식료품,982,-16,-1.6,138603997200,7.0,140.29,1394.0,0.7,0,0.0
551,035150,백산,KOSPI,화학,5710,-60,-1.04,138182000000,288.0,19.83,5853.0,0.98,100,1.75
552,004440,삼일씨엔에스,KOSPI,비금속광물,10850,450,4.33,138141624950,211.0,51.42,21895.0,0.5,38,0.35
553,118000,우리들휴브레인,KOSPI,유통업,2740,-70,-2.49,138094446420,,,1020.0,2.69,0,0.0
554,027740,마니커,KOSPI,음식료품,692,-10,-1.42,137343035048,,,522.0,1.33,0,0.0
555,003480,한진중공업홀딩스,KOSPI,전기가스업,4645,5,0.11,137165976740,1160.0,4.0,11298.0,0.41,0,0.0
556,009460,한창제지,KOSPI,종이목재,2295,-65,-2.75,136936880370,125.0,18.36,1440.0,1.59,20,0.87
557,009320,대우부품,KOSPI,운수장비,2865,15,0.53,136506864375,,,775.0,3.7,0,0.0
558,010690,화신,KOSPI,운수장비,3905,60,1.56,136364201050,202.0,19.33,8582.0,0.46,50,1.28
559,001260,남광토건,KOSPI,건설업,13750,-400,-2.83,135147388750,394.0,34.9,5379.0,2.56,0,0.0
560,002700,신일전자,KOSPI,유통업,1885,-20,-1.05,133924577085,61.0,30.9,978.0,1.93,20,1.06
561,003460,유화증권,KOSPI,증권,2350,15,0.64,133250675250,99.0,23.74,6180.0,0.38,120,5.11
562,092200,디아이씨,KOSPI,운수장비,3400,180,5.59,132221134600,,,3969.0,0.86,0,0.0
563,021050,서원,KOSPI,철강금속,2770,-70,-2.46,131504614300,67.0,41.34,2159.0,1.28,10,0.36
564,002450,삼익악기,KOSPI,기타제조업,1450,-10,-0.68,131269826750,163.0,8.9,2478.0,0.59,50,3.45
565,005740,크라운해태홀딩스,KOSPI,기타금융,8840,-10,-0.11,131250547480,,,17087.0,0.52,100,1.13
566,004830,덕성,KOSPI,화학,8360,-270,-3.13,131084800000,10.0,836.0,3690.0,2.27,20,0.24
567,006740,영풍제지,KOSPI,종이목재,5900,-210,-3.44,130980000000,516.0,11.43,5383.0,1.1,40,0.68
568,004060,SG세계물산,KOSPI,유통업,641,-2,-0.31,129754399360,48.0,13.35,1012.0,0.63,0,0.0
569,093240,형지엘리트,KOSPI,섬유의복,4150,-350,-7.78,129292411700,,,2007.0,2.07,0,0.0
570,012280,영화금속,KOSPI,운수장비,2415,-85,-3.4,128947729575,6.0,402.5,1556.0,1.55,0,0.0
571,002710,TCC스틸,KOSPI,철강금속,5560,-140,-2.46,127880000000,225.0,24.71,4962.0,1.12,30,0.54
572,011390,부산산업,KOSPI,비금속광물,121000,-1500,-1.22,127776000000,3684.0,32.84,52812.0,2.29,250,0.21
573,009270,신원,KOSPI,섬유의복,1500,15,1.01,127563748500,19.0,78.95,2373.0,0.63,0,0.0
574,013570,디와이,KOSPI,기타금융,4820,165,3.54,126860631060,646.0,7.46,13449.0,0.36,150,3.11
575,009440,KC그린홀딩스,KOSPI,기타금융,5630,0,0.0,126308937400,369.0,15.26,7996.0,0.7,60,1.07
576,244920,에이플러스에셋,KOSPI,기타금융,5560,-180,-3.14,125698773080,610.0,9.11,2262.0,2.46,15,0.27
577,103590,일진전기,KOSPI,전기전자,3380,0,0.0,125331718200,97.0,34.85,8191.0,0.41,0,0.0
578,067830,세이브존I&C,KOSPI,유통업,3020,35,1.17,123943502900,590.0,5.12,10914.0,0.28,30,0.99
579,032560,황금에스티,KOSPI,철강금속,8800,-100,-1.12,123200000000,1795.0,4.9,18579.0,0.47,100,1.14
580,004250,NPC,KOSPI,화학,3340,-40,-1.18,122644800000,343.0,9.74,6745.0,0.5,100,2.99
581,005430,한국공항,KOSPI,운수창고업,38500,150,0.39,121904667500,5318.0,7.24,102021.0,0.38,1000,2.6
582,014530,극동유화,KOSPI,화학,3485,-35,-0.99,121519928700,422.0,8.26,4825.0,0.72,160,4.59
583,000890,보해양조,KOSPI,음식료품,952,10,1.06,121331803096,,,635.0,1.5,0,0.0
584,001750,한양증권,KOSPI,증권,9510,10,0.11,121048358340,1726.0,5.51,22236.0,0.43,350,3.68
585,129260,인터지스,KOSPI,운수창고업,4060,-170,-4.02,120776368440,,,5900.0,0.69,0,0.0
586,100840,S&TC,KOSPI,기계,16050,-150,-0.93,120482711550,2148.0,7.47,32631.0,0.49,800,4.98
587,032790,엠젠플러스,KOSDAQ,정보기기,4075,0,0.0,120352455875,,,1319.0,3.09,0,0.0
588,034300,신세계건설,KOSPI,건설업,30000,650,2.21,120000000000,4379.0,6.85,49395.0,0.61,800,2.67
589,053690,한미글로벌,KOSPI,서비스업,10950,-100,-0.9,119985172500,2222.0,4.93,10777.0,1.02,200,1.83
590,075180,새론오토모티브,KOSPI,운수장비,6240,-10,-0.16,119808000000,,,11092.0,0.56,140,2.24
591,002360,SH에너지화학,KOSPI,화학,1070,25,2.39,118913091100,,,876.0,1.22,0,0.0
592,010100,한국프랜지,KOSPI,운수장비,3860,-245,-5.97,117538621200,373.0,10.35,7092.0,0.54,50,1.3
593,267290,경동도시가스,KOSPI,전기가스업,19900,-750,-3.63,117318579400,4167.0,4.78,57537.0,0.35,875,4.4
594,010600,웰바이오텍,KOSPI,유통업,2595,-85,-3.17,116980438365,,,1774.0,1.46,0,0.0
595,009190,대양금속,KOSPI,철강금속,3955,-145,-3.54,116933288745,230.0,17.2,1907.0,2.07,0,0.0
596,078000,텔코웨어,KOSPI,서비스업,11950,50,0.42,115947336700,761.0,15.7,11450.0,1.04,550,4.6
597,014580,태경비케이,KOSPI,비금속광물,4200,-90,-2.1,115849020000,148.0,28.38,4846.0,0.87,100,2.38
598,008250,이건산업,KOSPI,종이목재,10550,-350,-3.21,115550299250,73.0,144.52,16294.0,0.65,200,1.9
599,009200,무림페이퍼,KOSPI,종이목재,2755,-30,-1.08,114633649050,,,10529.0,0.26,50,1.81
600,011810,STX,KOSPI,유통업,5800,10,0.17,114416031600,,,2864.0,2.03,0,0.0
601,003650,미창석유,KOSPI,화학,65700,100,0.15,114296450400,11366.0,5.78,148274.0,0.44,2000,3.04
602,071970,STX중공업,KOSPI,기계,4025,-35,-0.86,114173053400,,,4813.0,0.84,0,0.0
603,000220,유유제약,KOSPI,의약품,14200,-400,-2.74,114100507400,756.0,18.78,11570.0,1.23,210,1.48
604,264900,크라운제과,KOSPI,음식료품,9050,120,1.34,113340842500,1425.0,6.35,10682.0,0.85,250,2.76
605,092440,기신정기,KOSPI,기계,3870,75,1.98,113004000000,298.0,12.99,8125.0,0.48,150,3.88
606,002140,고려산업,KOSPI,음식료품,4500,-405,-8.26,112227412500,182.0,24.73,3842.0,1.17,30,0.67
607,006340,대원전선,KOSPI,전기전자,1570,-20,-1.26,111496638190,,,1136.0,1.38,0,0.0
608,005360,모나미,KOSPI,유통업,5900,-270,-4.38,111494111300,,,3873.0,1.52,70,1.19
609,006220,제주은행,KOSPI,은행,3465,110,3.28,111326201910,796.0,4.35,15491.0,0.22,100,2.89
610,012160,영흥,KOSPI,철강금속,1200,-25,-2.04,111280838400,20.0,60.0,1937.0,0.62,30,2.5
611,134790,시디즈,KOSPI,기타제조업,55500,-700,-1.25,111000000000,4655.0,11.92,16020.0,3.46,300,0.54
612,058430,포스코강판,KOSPI,철강금속,18450,450,2.5,110700000000,446.0,41.37,36256.0,0.51,400,2.17
613,005110,한창,KOSPI,유통업,1655,145,9.6,110537895195,,,593.0,2.79,0,0.0
614,001290,상상인증권,KOSPI,증권,1145,-10,-0.87,110044160365,,,1587.0,0.72,0,0.0
615,009070,KCTC,KOSPI,운수창고업,3665,-135,-3.55,109950000000,239.0,15.33,6409.0,0.57,45,1.23
616,034590,인천도시가스,KOSPI,전기가스업,24900,0,0.0,108931374600,2598.0,9.58,42280.0,0.59,1250,5.02
617,002070,비비안,KOSPI,섬유의복,4070,100,2.52,108815072300,,,6310.0,0.65,0,0.0
618,003720,삼영화학,KOSPI,화학,3200,180,5.96,108800000000,,,1285.0,2.49,0,0.0
619,012600,센트럴인사이트,KOSPI,기계,10050,-50,-0.5,107491604100,,,801.0,12.55,0,0.0
620,010960,삼호개발,KOSPI,건설업,4295,-35,-0.81,107375000000,907.0,4.74,7624.0,0.56,190,4.42
621,014710,사조씨푸드,KOSPI,음식료품,6230,-50,-0.8,107271522890,,,11862.0,0.53,0,0.0
622,010820,퍼스텍,KOSPI,기계,2230,0,0.0,107177055800,,,583.0,3.83,0,0.0
623,002870,신풍제지,KOSPI,종이목재,3065,-150,-4.67,107148415500,709.0,4.32,1981.0,1.55,60,1.96
624,002600,조흥,KOSPI,음식료품,177500,-500,-0.28,106500000000,13076.0,13.57,215770.0,0.82,6000,3.38
625,001380,SG충방,KOSPI,운수장비,2335,-85,-3.51,104991273905,17.0,137.35,2893.0,0.81,0,0.0
626,227840,현대코퍼레이션홀딩스,KOSPI,유통업,11500,250,2.22,104659614000,1183.0,9.72,19704.0,0.58,500,4.35
627,004080,신흥,KOSPI,유통업,10900,-150,-1.36,104640000000,214.0,50.93,9162.0,1.19,200,1.83
628,023000,삼원강재,KOSPI,운수장비,2610,45,1.75,104400000000,261.0,10.0,5249.0,0.5,115,4.41
629,011330,유니켐,KOSPI,기타제조업,1510,110,7.86,103752617930,235.0,6.43,1238.0,1.22,0,0.0
630,031820,콤텍시스템,KOSPI,서비스업,1515,-25,-1.62,102794970990,20.0,75.75,1398.0,1.08,0,0.0
631,027970,세하,KOSPI,종이목재,1780,-60,-3.26,102462134660,323.0,5.51,1090.0,1.63,0,0.0
632,000040,KR모터스,KOSPI,운수장비,1115,-5,-0.45,102202035070,,,318.0,3.51,0,0.0
633,016740,두올,KOSPI,운수장비,3755,225,6.37,101635383400,374.0,10.04,5223.0,0.72,80,2.13
634,015230,대창단조,KOSPI,운수장비,7100,10,0.14,101431416500,1039.0,6.83,12724.0,0.56,220,3.1
635,001550,조비,KOSPI,화학,19400,100,0.52,100729436600,,,9237.0,2.1,0,0.0
636,007280,한국특수형강,KOSPI,철강금속,1885,-10,-0.53,100362067260,,,2085.0,0.9,0,0.0
637,155660,DSR,KOSPI,철강금속,6250,-140,-2.19,100000000000,546.0,11.45,9613.0,0.65,50,0.8
638,019440,세아특수강,KOSPI,철강금속,11600,0,0.0,99412000000,1304.0,8.9,37014.0,0.31,900,7.76
639,006980,우성사료,KOSPI,음식료품,3205,0,0.0,99034500000,464.0,6.91,5612.0,0.57,15,0.47
640,194370,제이에스코퍼레이션,KOSPI,기타제조업,7370,-70,-0.94,98283379370,646.0,11.41,11755.0,0.63,500,6.78
641,006370,대구백화점,KOSPI,유통업,9070,90,1.0,98152011770,,,25376.0,0.36,100,1.1
642,005750,대림B&Co,KOSPI,비금속광물,5880,-320,-5.16,98032771200,132.0,44.55,9607.0,0.61,130,2.21
643,000650,천일고속,KOSPI,운수창고업,67800,-1000,-1.45,96901116000,506.0,133.99,35686.0,1.9,5000,7.37
644,007980,태평양물산,KOSPI,섬유의복,2005,20,1.01,96539921935,241.0,8.32,3458.0,0.58,30,1.5
645,058850,KTcs,KOSPI,서비스업,2245,10,0.45,95827825000,178.0,12.61,3715.0,0.6,80,3.56
646,010040,한국내화,KOSPI,비금속광물,4150,-130,-3.04,94884072800,193.0,21.5,6144.0,0.68,35,0.84
647,000500,가온전선,KOSPI,전기전자,22800,-350,-1.51,94855911600,1391.0,16.39,61708.0,0.37,600,2.63
648,002880,대유에이텍,KOSPI,운수장비,886,-12,-1.34,94727564482,94.0,9.43,1013.0,0.87,0,0.0
649,085310,엔케이,KOSPI,기계,1180,0,0.0,94380355360,,,1121.0,1.05,0,0.0
650,005800,신영와코루,KOSPI,섬유의복,104500,2000,1.95,94050000000,4238.0,24.66,343727.0,0.3,1500,1.44
651,006090,사조오양,KOSPI,음식료품,9940,-160,-1.58,93662025660,1402.0,7.09,17782.0,0.56,100,1.01
652,008600,윌비스,KOSPI,유통업,1425,35,2.52,92849976150,,,1697.0,0.84,0,0.0
653,035000,지투알,KOSPI,서비스업,5590,-110,-1.93,92611816310,941.0,5.94,8625.0,0.65,300,5.37
654,014990,인디에프,KOSPI,섬유의복,1570,25,1.62,92524802150,,,1063.0,1.48,0,0.0
655,002200,한국수출포장,KOSPI,종이목재,23100,-100,-0.43,92400000000,4505.0,5.13,61942.0,0.37,600,2.6
656,000300,대유플러스,KOSPI,전기전자,790,-10,-1.25,92163680730,152.0,5.2,953.0,0.83,0,0.0
657,004140,동방,KOSPI,운수창고업,2320,35,1.53,91979782560,,,2695.0,0.86,0,0.0
658,058860,KTis,KOSPI,서비스업,2640,0,0.0,91877280000,272.0,9.71,4835.0,0.55,90,3.41
659,000910,유니온,KOSPI,비금속광물,5880,-20,-0.34,91796319720,,,6355.0,0.93,100,1.7
660,001140,국보,KOSPI,운수창고업,1850,-50,-2.63,91346423250,,,1333.0,1.39,0,0.0
661,017040,광명전기,KOSPI,전기전자,2080,-5,-0.24,90142239200,185.0,11.24,2255.0,0.92,15,0.72
662,105840,우진,KOSPI,의료정밀,4420,-65,-1.45,89293874280,,,5704.0,0.77,100,2.26
663,001020,페이퍼코리아,KOSPI,종이목재,2500,-85,-3.29,88564712500,,,436.0,5.73,0,0.0
664,013000,세우글로벌,KOSPI,유통업,3075,-20,-0.65,88267970325,3.0,1025.0,1387.0,2.22,0,0.0
665,026940,부국철강,KOSPI,철강금속,4400,-50,-1.12,88000000000,92.0,47.83,5627.0,0.78,75,1.7
666,145210,세화아이엠씨,KOSPI,기계,578,-25,-4.15,87607125916,,,588.0,0.98,0,0.0
667,016880,웅진,KOSPI,기타금융,1100,-20,-1.79,87316163000,,,917.0,1.2,0,0.0
668,025620,제이준코스메틱,KOSPI,화학,2360,-45,-1.87,87106254800,,,1906.0,1.24,0,0.0
669,007590,동방아그로,KOSPI,화학,6380,10,0.16,86880141260,555.0,11.5,10032.0,0.64,250,3.92
670,005190,동성화학,KOSPI,화학,16250,-50,-0.31,86702915000,2517.0,6.46,21972.0,0.74,600,3.69
671,003080,성보화학,KOSPI,화학,4325,-15,-0.35,86586500000,,,7324.0,0.59,135,3.12
672,100220,비상교육,KOSPI,서비스업,6600,-50,-0.75,85778490600,921.0,7.17,16496.0,0.4,250,3.79
673,092780,동양피스톤,KOSPI,운수장비,6500,400,6.56,85594990000,753.0,8.63,8059.0,0.81,120,1.85
674,009180,한솔로지스틱스,KOSPI,운수창고업,3085,0,0.0,84767856125,215.0,14.35,1713.0,1.8,40,1.3
675,004910,조광페인트,KOSPI,화학,6620,-150,-2.22,84736000000,,,13495.0,0.49,200,3.02
676,005870,휴니드,KOSPI,전기전자,5980,40,0.67,84413769700,589.0,10.15,8207.0,0.73,0,0.0
677,014130,한익스프레스,KOSPI,운수창고업,6990,-260,-3.59,83880000000,479.0,14.59,5960.0,1.17,70,1.0
678,004450,삼화왕관,KOSPI,기계,38900,-300,-0.77,83805343100,4547.0,8.56,67349.0,0.58,1350,3.47
679,015540,쎌마테라퓨틱스,KOSPI,서비스업,7260,-860,-10.59,83699175120,,,346.0,20.98,0,0.0
680,016090,대현,KOSPI,섬유의복,1870,5,0.27,82807919700,376.0,4.97,4498.0,0.42,100,5.35
681,004870,티웨이홀딩스,KOSPI,비금속광물,1075,-30,-2.71,82431920200,,,2103.0,0.51,0,0.0
682,003610,방림,KOSPI,섬유의복,1945,5,0.26,82300905050,144.0,13.51,4475.0,0.43,40,2.06
683,133820,화인베스틸,KOSPI,철강금속,2770,-20,-0.72,81853500000,,,3118.0,0.89,0,0.0
684,021820,세원정공,KOSPI,운수장비,8090,0,0.0,80900000000,760.0,10.64,41536.0,0.19,25,0.31
685,041650,상신브레이크,KOSPI,운수장비,3745,-70,-1.83,80410580250,210.0,17.83,7924.0,0.47,100,2.67
686,009310,참엔지니어링,KOSPI,기계,1450,0,0.0,80395281900,,,1002.0,1.45,0,0.0
687,008260,NI스틸,KOSPI,철강금속,2805,75,2.75,80223328185,224.0,12.52,3877.0,0.72,50,1.78
688,011090,에넥스,KOSPI,기타제조업,1335,-50,-3.61,80088840735,,,903.0,1.48,0,0.0
689,001080,만호제강,KOSPI,철강금속,19200,300,1.59,79680000000,420.0,45.71,55976.0,0.34,200,1.04
690,008420,문배철강,KOSPI,철강금속,3875,20,0.52,79451081875,121.0,32.02,5430.0,0.71,50,1.29
691,009770,삼정펄프,KOSPI,종이목재,31250,700,2.29,78124093750,1868.0,16.73,73851.0,0.42,0,0.0
692,002920,유성기업,KOSPI,운수장비,3010,150,5.24,78101975000,678.0,4.44,10636.0,0.28,200,6.64
693,004410,서울식품,KOSPI,음식료품,218,-10,-4.39,77943688172,,,73.0,2.99,0,0.0
694,058730,다스코,KOSPI,기계,5060,-90,-1.75,77924000000,125.0,40.48,8008.0,0.63,0,0.0
695,014440,영보화학,KOSPI,화학,3785,-25,-0.66,75700000000,263.0,14.39,7274.0,0.52,100,2.64
696,159910,스킨앤스킨,KOSDAQ,반도체,263,0,0.0,75277601849,,,282.0,0.93,0,0.0
697,111110,호전실업,KOSPI,섬유의복,9300,100,1.09,74400000000,346.0,26.88,14353.0,0.65,250,2.69
698,069730,DSR제강,KOSPI,철강금속,5150,-40,-0.77,74160000000,469.0,10.98,9851.0,0.52,40,0.78
699,024890,대원화성,KOSPI,화학,1785,-25,-1.38,73629736320,104.0,17.16,1925.0,0.93,10,0.56
700,001560,제일연마,KOSPI,비금속광물,7300,-30,-0.41,73000000000,853.0,8.56,8396.0,0.87,220,3.01
701,000850,화천기공,KOSPI,기계,32900,550,1.7,72380000000,3388.0,9.71,134845.0,0.24,1250,3.8
702,012320,경동인베스트,KOSPI,기타금융,30600,-600,-1.92,72369703800,4007.0,7.64,171962.0,0.18,500,1.63
703,013360,일성건설,KOSPI,건설업,1335,-70,-4.98,72123214800,30.0,44.5,1688.0,0.79,15,1.12
704,023810,인팩,KOSPI,운수장비,7170,270,3.91,71700000000,,,9376.0,0.76,120,1.67
705,011690,유양디앤유,KOSPI,전기전자,1220,0,0.0,71362925220,,,1985.0,0.61,0,0.0
706,008870,금비,KOSPI,비금속광물,71000,-3800,-5.08,71000000000,8088.0,8.78,103528.0,0.69,1700,2.39
707,084670,동양고속,KOSPI,운수창고업,24450,-200,-0.81,70796662050,12104.0,2.02,45514.0,0.54,4700,19.22
708,019180,티에이치엔,KOSPI,전기전자,3900,900,30.0,70200000000,959.0,4.07,3503.0,1.11,60,1.54
709,000590,CS홀딩스,KOSPI,기타금융,60400,500,0.83,69730712800,8435.0,7.16,195584.0,0.31,500,0.83
710,069460,대호에이엘,KOSPI,철강금속,2555,5,0.2,69329513645,,,972.0,2.63,0,0.0
711,025820,이구산업,KOSPI,철강금속,2060,-20,-0.96,68890520000,,,3027.0,0.68,30,1.46
712,017370,우신시스템,KOSPI,기계,3720,0,0.0,68128280880,347.0,10.72,6224.0,0.6,0,0.0
713,090080,평화산업,KOSPI,운수장비,1240,10,0.81,68078801160,,,610.0,2.03,0,0.0
714,004090,한국석유,KOSPI,비금속광물,100500,-1500,-1.47,65847600000,,,212214.0,0.47,1500,1.49
715,003010,혜인,KOSPI,유통업,5170,-80,-1.52,65724901990,412.0,12.55,8192.0,0.63,60,1.16
716,114190,강원,KOSDAQ,금속,2500,0,0.0,65307595000,,,1211.0,2.06,0,0.0
717,003780,진양산업,KOSPI,화학,5000,-190,-3.66,65000000000,525.0,9.52,3159.0,1.58,200,4.0
718,090370,메타랩스,KOSPI,섬유의복,1005,-15,-1.47,64008386685,,,1022.0,0.98,0,0.0
719,006660,삼성공조,KOSPI,운수장비,7870,-190,-2.36,63954091180,593.0,13.27,26712.0,0.29,60,0.76
720,024900,덕양산업,KOSPI,운수장비,1950,40,2.09,63501711000,,,1439.0,1.36,0,0.0
721,010400,우진아이엔에스,KOSPI,건설업,8040,-20,-0.25,61280880000,279.0,28.82,14032.0,0.57,250,3.11
722,006570,대림통상,KOSPI,기계,4025,0,0.0,61280625000,,,6005.0,0.67,140,3.48
723,049800,우진플라임,KOSPI,기계,6080,260,4.47,60800000000,,,5263.0,1.16,0,0.0
724,044380,주연테크,KOSPI,전기전자,1100,-5,-0.45,60073297900,,,731.0,1.5,0,0.0
725,051630,진양화학,KOSPI,화학,4990,-120,-2.35,59880000000,,,2221.0,2.25,0,0.0
726,257370,명성티엔에스,KOSDAQ,IT부품,9210,0,0.0,59319850890,79.0,116.58,6005.0,1.53,0,0.0
727,023150,MH에탄올,KOSPI,음식료품,8000,-200,-2.44,59028208000,,,7785.0,1.03,350,4.38
728,005010,휴스틸,KOSPI,철강금속,7680,-110,-1.41,58534410240,,,52030.0,0.15,300,3.91
729,010660,화천기계,KOSPI,기계,2645,-20,-0.75,58190000000,,,5663.0,0.47,0,0.0
730,002820,선창산업,KOSPI,종이목재,4610,-190,-3.96,58122829290,,,17354.0,0.27,0,0.0
731,010770,평화홀딩스,KOSPI,운수장비,3960,400,11.24,57916845360,,,7971.0,0.5,150,3.79
732,115530,씨엔플러스,KOSDAQ,IT부품,839,0,0.0,57020957000,,,222.0,3.78,0,0.0
733,007610,선도전기,KOSPI,전기전자,3135,-10,-0.32,56430000000,,,4797.0,0.65,25,0.8
734,007120,미래아이앤지,KOSPI,서비스업,430,-19,-4.23,55678183640,109.0,3.94,537.0,0.8,0,0.0
735,072130,유엔젤,KOSPI,서비스업,4185,-15,-0.36,55222974990,,,2745.0,1.52,0,0.0
736,123700,SJM,KOSPI,운수장비,3530,100,2.92,55085289940,438.0,8.06,10621.0,0.33,125,3.54
737,012170,키위미디어그룹,KOSPI,서비스업,1485,0,0.0,54962074530,,,,,0,0.0
738,003680,한성기업,KOSPI,음식료품,8830,50,0.57,54830017450,,,8081.0,1.09,0,0.0
739,007630,폴루스바이오팜,KOSPI,유통업,1225,0,0.0,54281847200,,,1509.0,0.81,0,0.0
740,088790,진도,KOSPI,유통업,4360,-90,-2.02,54272163840,,,8030.0,0.54,100,2.29
741,109070,컨버즈,KOSPI,종이목재,4100,0,0.0,53879690800,,,1010.0,4.06,0,0.0
742,023350,한국종합기술,KOSPI,서비스업,4920,-80,-1.6,53874000000,,,8724.0,0.56,100,2.03
743,011700,한신기계,KOSPI,기계,1645,-15,-0.9,53373918395,51.0,32.25,2496.0,0.66,15,0.91
744,025560,미래산업,KOSPI,의료정밀,3135,5,0.16,52869793680,,,3850.0,0.81,0,0.0
745,000950,전방,KOSPI,섬유의복,31300,50,0.16,52584000000,,,50283.0,0.62,0,0.0
746,024830,세원물산,KOSDAQ,운송장비·부품,6280,0,0.0,52438000000,1572.0,3.99,22641.0,0.28,25,0.4
747,002220,한일철강,KOSPI,철강금속,2085,5,0.24,51879706005,,,6586.0,0.32,0,0.0
748,033250,체시스,KOSPI,운수장비,2100,-90,-4.11,50400000000,,,954.0,2.2,0,0.0
749,001620,케이비아이동국실업,KOSPI,운수장비,744,20,2.76,49135301568,,,2665.0,0.28,0,0.0
750,018470,조일알미늄,KOSPI,철강금속,583,-23,-3.8,48840587719,,,1617.0,0.36,0,0.0
751,060300,레드로버,KOSDAQ,오락·문화,1830,0,0.0,48840480210,,,312.0,5.87,0,0.0
752,006880,신송홀딩스,KOSPI,유통업,4100,20,0.49,48498317800,,,7609.0,0.54,80,1.95
753,009140,경인전자,KOSPI,전기전자,30250,-1200,-3.82,47516609250,182.0,166.21,34673.0,0.87,250,0.83
754,025530,SJM홀딩스,KOSPI,유통업,3140,20,0.64,46892785120,363.0,8.65,10066.0,0.31,175,5.57
755,008110,대동전자,KOSPI,전기전자,4365,-15,-0.34,45790801155,512.0,8.53,13257.0,0.33,500,11.45
756,050320,아래스,KOSDAQ,컴퓨터서비스,990,0,0.0,45205142400,,,60.0,16.5,0,0.0
757,000760,이화산업,KOSPI,유통업,15900,-50,-0.31,44520000000,,,36329.0,0.44,0,0.0
758,006200,한국전자홀딩스,KOSPI,기타금융,951,-9,-0.94,44509782336,,,2289.0,0.42,0,0.0
759,223310,경남제약헬스케어,KOSDAQ,소프트웨어,3320,0,0.0,44267239920,,,4820.0,0.69,0,0.0
760,011230,삼화전자,KOSPI,전기전자,4200,175,4.35,43923348000,,,1132.0,3.71,0,0.0
761,005820,원림,KOSPI,섬유의복,19900,-50,-0.25,43780000000,1450.0,13.72,39414.0,0.5,250,1.26
762,030720,동원수산,KOSPI,"농업, 임업 및 어업",9400,-50,-0.53,43745767000,1304.0,7.21,10939.0,0.86,0,0.0
763,065420,에스아이리소스,KOSDAQ,광업,639,0,0.0,43500682854,,,178.0,3.59,0,0.0
764,004100,태양금속,KOSPI,운수장비,1180,-20,-1.67,43306000000,,,1773.0,0.67,5,0.42
765,069640,한세엠케이,KOSPI,유통업,3335,15,0.45,43052588870,,,7793.0,0.43,0,0.0
766,024070,WISCOM,KOSPI,화학,2720,-295,-9.78,41687911360,70.0,38.86,7697.0,0.35,50,1.84
767,005030,부산주공,KOSPI,운수장비,732,-3,-0.41,41613846444,,,709.0,1.03,0,0.0
768,011420,갤럭시아에스엠,KOSPI,서비스업,1455,-40,-2.68,40084732020,,,791.0,1.84,0,0.0
769,071090,하이스틸,KOSPI,철강금속,19850,0,0.0,39698888400,16.0,1240.63,63833.0,0.31,100,0.5
770,001210,금호전기,KOSPI,전기전자,3250,-75,-2.26,38940915000,,,3098.0,1.05,0,0.0
771,002690,동일제강,KOSPI,철강금속,2575,-10,-0.39,38625000000,74.0,34.8,8703.0,0.3,10,0.39
772,014910,성문전자,KOSPI,전기전자,1930,20,1.05,37609634010,,,1356.0,1.42,0,0.0
773,010640,진양폴리,KOSPI,화학,3720,-100,-2.62,37200000000,755.0,4.93,2658.0,1.4,100,2.69
774,010420,한솔PNS,KOSPI,유통업,1810,-35,-1.9,37092351720,154.0,11.75,2004.0,0.9,25,1.38
775,018500,동원금속,KOSPI,운수장비,784,24,3.16,36655867472,350.0,2.24,1363.0,0.58,0,0.0
776,015260,에이엔피,KOSPI,전기전자,1655,-170,-9.32,36122706895,,,4707.0,0.35,0,0.0
777,084870,TBH글로벌,KOSPI,섬유의복,1730,0,0.0,36082296870,,,5163.0,0.34,0,0.0
778,071950,코아스,KOSPI,기타제조업,1120,-5,-0.44,34616075200,70.0,16.0,811.0,1.38,0,0.0
779,001420,태원물산,KOSPI,운수장비,4275,-10,-0.23,32490000000,73.0,58.56,4237.0,1.01,85,1.99
780,003280,흥아해운,KOSPI,운수창고업,258,0,0.0,30117000222,,,276.0,0.93,0,0.0
781,015020,이스타코,KOSPI,서비스업,699,-2,-0.29,29953268400,307.0,2.28,1141.0,0.61,0,0.0
782,019490,하이트론,KOSPI,전기전자,4630,-170,-3.54,27988081460,,,3091.0,1.5,0,0.0
783,001770,신화실업,KOSPI,철강금속,21950,-500,-2.23,26666572100,793.0,27.68,28118.0,0.78,100,0.46
784,009730,코센,KOSDAQ,금속,905,0,0.0,26398999325,,,230.0,3.93,0,0.0
785,002420,세기상사,KOSPI,서비스업,61600,0,0.0,25107667200,,,55045.0,1.12,0,0.0
786,009810,엔케이물산,KOSPI,유통업,537,-60,-10.05,22440805770,,,802.0,0.67,0,0.0
787,004920,씨아이테크,KOSPI,기타제조업,891,-5,-0.56,22338057852,,,1692.0,0.53,0,0.0
788,008500,일정실업,KOSPI,섬유의복,18300,-150,-0.81,21960000000,,,24611.0,0.74,0,0.0
789,058450,일야,KOSDAQ,IT부품,685,0,0.0,21741900000,,,607.0,1.13,0,0.0
790,053660,현진소재,KOSDAQ,금속,400,0,0.0,21280401200,,,,,0,0.0
791,011300,성안,KOSPI,섬유의복,374,1,0.27,21264839640,,,1131.0,0.33,0,0.0
792,010580,지코,KOSPI,운수장비,306,0,0.0,19761980616,,,314.0,0.97,0,0.0
793,141020,포티스,KOSDAQ,유통,108,0,0.0,18839533608,,,370.0,0.29,0,0.0
794,025890,한국주강,KOSPI,기계,1600,0,0.0,18094814400,,,2848.0,0.56,0,0.0
795,050540,한국코퍼레이션,KOSDAQ,기타서비스,282,0,0.0,14434337226,,,974.0,0.29,0,0.0
796,033790,스카이문스테크놀로지,KOSDAQ,통신장비,829,0,0.0,14190075900,,,1168.0,0.71,0,0.0
797,058220,아리온,KOSDAQ,통신장비,275,0,0.0,10717917100,,,523.0,0.53,0,0.0
798,121890,에스디시스템,KOSDAQ,정보기기,739,0,0.0,7101198800,,,1021.0,0.72,0,0.0
799,114570,지스마트글로벌,KOSDAQ,유통,620,0,0.0,7030424280,,,4180.0,0.15,0,0.0
